OBJECT ID,Accession Number,Scientific Name,Common Name,Accession Status,Current Condition,Plant Date,Tribute Status,Provenance Type,Propagule Type,Source Type,Source,Management Subzone,Location Details,Collector Name,Collector Notes,GlobalID,Condition Date,Label Type,Label Location,x,y
51,20180053,Acanthostachys strobilacea,pinecone bromeliad,Existing,,3/30/2012 12:00:00 AM,No,Insufficient data to determine provenance,,Unknown,,Conservatory (Theodore and Kimberly Maged Tropical House),,,,7e67c193-0a13-46e8-a089-9f08e99a7dba,,,,-9313155.9129,5205946.0476
535,20180537,Adenium obesum,desert-rose,Existing,Good,,No,Insufficient data to determine provenance,,Individual,Frank Omilion,Conservatory (Arid House),,,,1df0c7ee-22de-4876-97b8-186636e203b3,,None,,-9313170.9495,5205883.5222
536,20180539,Adiantum hispidulum 'Bronze Venus',Bronze Venus rough maidenhair,Existing,,3/18/2004 12:00:00 AM,No,Insufficient data to determine provenance,,Nursery or other commercial establishment,Goldner Walsh Nursery,Conservatory (Theodore and Kimberly Maged Tropical House),,,,df7f9dd1-334a-427d-bd05-2ca53ca6b664,,,,-9313155.9129,5205946.0476
550,20180553,Adonidia merrillii,Manila palm,Existing,,4/3/1957 12:00:00 AM,No,Insufficient data to determine provenance,,Research/Field/Experimental Station,United States Plant Introduction Garden,Conservatory (Theodore and Kimberly Maged Tropical House),,,,7c9dc25d-b907-448e-8a2c-51bc435b7928,,,,-9313155.9129,5205946.0476
560,20180564,Aechmea × 'Black Jack',Black Jack bromeliad,Existing,,2/6/2012 12:00:00 AM,No,Insufficient data to determine provenance,,Unknown,,Conservatory (Theodore and Kimberly Maged Tropical House),,,,5221eaf2-8b58-4f02-a703-70b4a2af0e07,,,,-9313155.9129,5205946.0476
569,20180573,Aechmea brevicollis,bromeliad,Existing,,6/23/2011 12:00:00 AM,No,Insufficient data to determine provenance,,Unknown,,Conservatory (Theodore and Kimberly Maged Tropical House),,,,f961e8cd-7dc5-4741-9207-982a8433f8b0,,,,-9313155.9129,5205946.0476
571,20180575,Aechmea bromeliifolia,bromeliad,Existing,,2/6/2012 12:00:00 AM,No,Insufficient data to determine provenance,,Unknown,,Conservatory (Theodore and Kimberly Maged Tropical House),,,,b0e31a83-baa8-4296-8a79-2583f0e831ad,,,,-9313155.9129,5205946.0476
575,20180579,Aechmea chantinii,bromeliad,Existing,,2/6/2012 12:00:00 AM,No,Insufficient data to determine provenance,,Unknown,,Conservatory (Theodore and Kimberly Maged Tropical House),,,,4bf07f1b-678b-4d28-8eb4-8466e4bb8569,,,,-9313155.9129,5205946.0476
618,20180623,Aechmea mariae-reginae,bromeliad,Existing,,2/6/2012 12:00:00 AM,No,Insufficient data to determine provenance,,Unknown,,Conservatory (Theodore and Kimberly Maged Tropical House),,,,8ce1e4f3-c1dd-4c99-b14a-7e6e008f9871,,,,-9313155.9129,5205946.0476
630,20180635,Aechmea nudicaulis var. aequalis,bromeliad,Existing,,2/6/2012 12:00:00 AM,No,Insufficient data to determine provenance,,Unknown,,Conservatory (Theodore and Kimberly Maged Tropical House),,,,1c057653-57a1-4140-bd4b-83b920feefbc,,,,-9313155.9129,5205946.0476
650,20180655,Aechmea pineliana,bromeliad,Existing,,3/30/2012 12:00:00 AM,No,Insufficient data to determine provenance,,Unknown,,Conservatory (Theodore and Kimberly Maged Tropical House),,,,a874e81e-9f14-4698-b7e1-7a6e0ad29dee,,,,-9313155.9129,5205946.0476
651,20180656,Aechmea pineliana,bromeliad,Existing,,3/30/2012 12:00:00 AM,No,Insufficient data to determine provenance,,Unknown,,Conservatory (Theodore and Kimberly Maged Tropical House),,,,2f44d330-ec95-4869-9ad3-b1516fdceb8e,,,,-9313155.9129,5205946.0476
652,20180657,Aechmea pineliana,bromeliad,Existing,,3/30/2012 12:00:00 AM,No,Insufficient data to determine provenance,,Unknown,,Conservatory (Theodore and Kimberly Maged Tropical House),,,,6ec8a799-14ef-431b-9c17-650155f33a05,,,,-9313155.9129,5205946.0476
653,20180658,Aechmea politii,bromeliad,Existing,,2/6/2012 12:00:00 AM,No,Insufficient data to determine provenance,,Unknown,,Conservatory (Theodore and Kimberly Maged Tropical House),,,,968a2547-50b3-4dba-b412-70e5be07dc9e,,,,-9313155.9129,5205946.0476
654,20180659,Aechmea pubescens,bromeliad,Existing,,3/30/2012 12:00:00 AM,No,Insufficient data to determine provenance,,Unknown,,Conservatory (Theodore and Kimberly Maged Tropical House),,,,0df668e1-b3a6-47d1-97b8-354cdb95c8f8,,,,-9313155.9129,5205946.0476
655,20180660,Aechmea pubescens,bromeliad,Existing,,3/30/2012 12:00:00 AM,No,Insufficient data to determine provenance,,Unknown,,Conservatory (Theodore and Kimberly Maged Tropical House),,,,99c9d92d-1bf2-4372-b561-063862da0703,,,,-9313155.9129,5205946.0476
656,20180661,Aechmea pubescens,bromeliad,Existing,,3/30/2012 12:00:00 AM,No,Insufficient data to determine provenance,,Unknown,,Conservatory (Theodore and Kimberly Maged Tropical House),,,,08269e51-0c9b-4f78-af79-6cd88b13d773,,,,-9313155.9129,5205946.0476
662,20180667,Aechmea × ramosa x fulgens,,Existing,,3/30/2012 12:00:00 AM,No,Insufficient data to determine provenance,,Unknown,,Conservatory (Theodore and Kimberly Maged Tropical House),,,,7aed5289-f698-4b5e-9c0e-2fc1245c5ff5,,,,-9313155.9129,5205946.0476
681,20180687,Aechmea tessmannii,bromeliad,Existing,,2/6/2012 12:00:00 AM,No,Insufficient data to determine provenance,,Unknown,,Conservatory (Theodore and Kimberly Maged Tropical House),,,,1a5188d1-5c3d-4a8a-92e2-adf30726612d,,,,-9313155.9129,5205946.0476
692,20180698,Aechmea weilbachii,bromeliad,Existing,,2/6/2012 12:00:00 AM,No,Insufficient data to determine provenance,,Unknown,,Conservatory (Theodore and Kimberly Maged Tropical House),,,,4d2686cf-37f2-4916-bd8a-9d2e2ac249b8,,,,-9313155.9129,5205946.0476
694,20180700,Aechmea zebrina,bromeliad,Existing,,3/30/2012 12:00:00 AM,No,Insufficient data to determine provenance,,Unknown,,Conservatory (Theodore and Kimberly Maged Tropical House),,,,af403d30-9516-4ff8-9e7b-a51bed1f7b8e,,,,-9313155.9129,5205946.0476
695,20180701,Aeschynanthus 'Mira',Mira lipstick plant,Existing,,6/18/2012 12:00:00 AM,No,Insufficient data to determine provenance,,Unknown,,Conservatory (Theodore and Kimberly Maged Tropical House),,,,a1857a70-8fba-4e0e-9533-db277a13573a,,,,-9313155.9129,5205946.0476
779,20180785,Agapetes serpens,agapetes,Existing,,,No,Insufficient data to determine provenance,,Unknown,,Conservatory (Theodore and Kimberly Maged Tropical House),,,,67c983bc-2753-4334-bd8d-e38403e60e01,,,,-9313155.9129,5205946.0476
795,20180801,Agave americana,century plant,Existing,,8/1/1964 12:00:00 AM,No,Insufficient data to determine provenance,,Unknown,Dow Chemical Company,Conservatory (Arid House),,,,c364291e-6bee-408f-b102-a87798d1dd04,,,,-9313165.7091,5205882.685
830,20180837,Aglaonema commutatum 'Pseudobracteatum',Pseudobracteatum aglaonema,Existing,,9/24/1984 12:00:00 AM,No,Insufficient data to determine provenance,,Unknown,,Conservatory (Theodore and Kimberly Maged Tropical House),,,,e62e1d15-50e5-4053-a052-4192807b8273,,,,-9313155.9129,5205946.0476
831,20180838,Aglaonema 'Emerald Beauty',Emerald Beauty aglaonema,Existing,,4/21/2003 12:00:00 AM,No,Insufficient data to determine provenance,,Nursery or other commercial establishment,Goldner Walsh Nursery,Conservatory (Theodore and Kimberly Maged Tropical House),,,,e535ce84-c16a-49ba-8837-c59e324662ef,,,,-9313155.9129,5205946.0476
863,20180871,Albizia julibrissin,silktree,Existing,,6/22/2000 12:00:00 AM,No,Insufficient data to determine provenance,,Unknown,Fertile Delta Plant & Garden Center,Conservatory (Temperate House),,,,a0194427-4c4d-45d9-a314-5e19b45e515d,,,,-9313161.8128,5205906.3142
963,20180972,Alocasia cucullata,Chinese taro,Existing,,6/27/2005 12:00:00 AM,No,Insufficient data to determine provenance,,Nursery or other commercial establishment,Goldner Walsh Nursery,Conservatory (Theodore and Kimberly Maged Tropical House),,,,b295df19-3f88-495c-8f27-1426f28880af,,,,-9313155.9129,5205946.0476
964,20180973,Alocasia longiloba,elephant ear,Existing,,6/27/2005 12:00:00 AM,No,Insufficient data to determine provenance,,Nursery or other commercial establishment,Goldner Walsh Nursery,Conservatory (Theodore and Kimberly Maged Tropical House),,,,85360530-867c-41e1-b373-e2cb16b6bed5,,,,-9313155.9129,5205946.0476
965,20180974,Alocasia × mortfontanensis,Amazonian elephant ear,Existing,,2/17/2004 12:00:00 AM,No,Insufficient data to determine provenance,,Unknown,,Conservatory (Theodore and Kimberly Maged Tropical House),,,,04089981-441c-46b7-b8ee-b49524aab620,,,,-9313155.9129,5205946.0476
977,20180991,Alpinia japonica,Japanese ginger,Existing,,6/28/2000 12:00:00 AM,No,Insufficient data to determine provenance,,Nursery or other commercial establishment,Plant Delights Nursery,Conservatory (Temperate House),,,,08f7699b-cc2d-4621-8116-3b6d93fdecc5,,,,-9313161.8128,5205906.3142
978,20180992,Alpinia zerumbet,shell ginger,Existing,,4/26/1973 12:00:00 AM,No,Insufficient data to determine provenance,,Nursery or other commercial establishment,Longwood Gardens,Conservatory (Theodore and Kimberly Maged Tropical House),,,,132ebf76-aa39-432b-8873-62f258c5526b,,,,-9313155.9129,5205946.0476
1100,20181114,Amorphophallus titanum,titan arum,Existing,Good,8/5/2014 12:00:00 AM,No,Propagule from wild source plant in cultivation,Corm,Botanic Garden or Arboretum,UC Botanical Garden at Berkeley,Conservatory (Theodore and Kimberly Maged Tropical House),,,,0dd28657-e1f9-482b-9881-666fa5a7b88b,12/3/2025 8:41:34 PM,Metal Name Plate,Ground ,-9313158.3201,5205956.3442
1277,20181293,Afropectinariella subulata,terete angraecum,Existing,,,No,Insufficient data to determine provenance,,Unknown,,Conservatory (Theodore and Kimberly Maged Tropical House),,,,42688bc8-e11d-42a8-b998-123c1c5d26ce,,,,-9313155.9129,5205946.0476
1297,20181316,Anthurium plowmanii 'Fruffles',Fruffles anthurium,Existing,,1/8/2003 12:00:00 AM,No,Insufficient data to determine provenance,,Nursery or other commercial establishment,Saguaro Nursery,Conservatory (Theodore and Kimberly Maged Tropical House),,,,0c864186-6c6a-49b6-b6a2-2e1cb1d95a64,,,,-9313155.9129,5205946.0476
1298,20181317,Anthurium vittariifolium,anthurium,Existing,,9/24/1984 12:00:00 AM,No,Insufficient data to determine provenance,,Botanic Garden or Arboretum,Denver Botanic Garden,Conservatory (Theodore and Kimberly Maged Tropical House),,,,7b684dc4-26fb-4bce-910c-8a4b314ed6d1,,,,-9313155.9129,5205946.0476
1299,20181318,Anthurium vittariifolium,anthurium,Existing,,6/23/2011 12:00:00 AM,No,Insufficient data to determine provenance,,Unknown,,Conservatory (Theodore and Kimberly Maged Tropical House),,,,9c831d87-2258-4ed8-b814-d4a4f87f4bde,,,,-9313155.9129,5205946.0476
1310,20181329,Aphelandra arborea,red aphelandra,Existing,,10/11/1977 12:00:00 AM,No,Insufficient data to determine provenance,,Nursery or other commercial establishment,Longwood Gardens,Conservatory (Theodore and Kimberly Maged Tropical House),,,,881676c9-46e4-4fa8-9f73-7878fa24ce62,,,,-9313155.9129,5205946.0476
1579,20181600,Asarum splendens,Chinese wild-ginger,Existing,,6/28/2000 12:00:00 AM,No,Insufficient data to determine provenance,,Nursery or other commercial establishment,Plant Delights Nursery,Conservatory (Temperate House),,,,bb343875-c21d-4269-9cb6-8886419eb174,,,,-9313161.8128,5205906.3142
1671,20181694,Aspidistra elatior 'Hoshi-zora',Hoshi-zora cast-iron plant,Existing,,6/28/2000 12:00:00 AM,No,Insufficient data to determine provenance,,Nursery or other commercial establishment,Plant Delights Nursery,Conservatory (Temperate House),,,,d115a59d-ad64-40eb-8602-8cc53cfde07d,,,,-9313161.8128,5205906.3142
1672,20181696,Asplenium nidus,bird's-nest fern,Existing,,5/25/1959 12:00:00 AM,No,Insufficient data to determine provenance,,Unknown,,Conservatory (Theodore and Kimberly Maged Tropical House),,,,634a6f2a-f9ee-4e7c-a434-0a737759c08d,,,,-9313155.9129,5205946.0476
1683,20181707,Asplenium scolopendrium,Hart's-tongue fern,Existing,,6/28/2000 12:00:00 AM,No,Insufficient data to determine provenance,,Nursery or other commercial establishment,Plant Delights Nursery,Conservatory (Temperate House),,,,81b81500-c1cc-451a-9afa-68040569735c,,,,-9313161.8128,5205906.3142
1746,20181772,Dicksonia antarctica,soft tree fern,Existing,,2/19/2004 12:00:00 AM,No,Insufficient data to determine provenance,,Nursery or other commercial establishment,Bordines Greenhouses & Nursery,Conservatory (Theodore and Kimberly Maged Tropical House),,,,4af31be7-4f3e-474f-83c5-fec7d305b3cc,,,,-9313155.9129,5205946.0476
1747,20181773,Bambusa multiplex 'Alphonse Carr',Alphonse Carr hedge bamboo,Existing,,6/18/1985 12:00:00 AM,No,Insufficient data to determine provenance,,University department,University of Michigan,Conservatory (Temperate House),,,,6b388000-79ac-463e-b0ea-b955e66223a2,,,,-9313156.4889,5205901.8034
1776,20181802,Barnadesia caryophylla,,Existing,,7/30/1959 12:00:00 AM,No,Insufficient data to determine provenance,,Nursery or other commercial establishment,Longwood Gardens,Conservatory (Theodore and Kimberly Maged Tropical House),,,,7cf4d3d8-d883-4b45-987e-64c7382dc2dd,,,,-9313155.9129,5205946.0476
1777,20181803,Bauhinia purpurea,butterfly tree,Existing,,11/12/1963 12:00:00 AM,No,Insufficient data to determine provenance,,Unknown,,Conservatory (Theodore and Kimberly Maged Tropical House),,,,14bcc188-0948-460c-ae5d-15597d9606f2,,,,-9313155.9129,5205946.0476
1783,20181811,Begonia heracleifolia,star begonia,Existing,,11/14/1986 12:00:00 AM,No,Insufficient data to determine provenance,,Unknown,,Conservatory (Theodore and Kimberly Maged Tropical House),,,,cb51a463-047a-4d27-ba19-0ea916455417,,,,-9313155.9129,5205946.0476
1784,20181812,Begonia 'Little Brother Montgomery',Little Brother Montgomery begonia,Existing,,10/14/2003 12:00:00 AM,No,Insufficient data to determine provenance,,Nursery or other commercial establishment,Goldner Walsh Nursery,Conservatory (Theodore and Kimberly Maged Tropical House),,,,6aa0047a-d0af-4e11-9222-6f22f7fa28cc,,,,-9313155.9129,5205946.0476
1785,20181813,Begonia masoniana,iron cross begonia,Existing,,3/14/2003 12:00:00 AM,No,Insufficient data to determine provenance,,Nursery or other commercial establishment,Logee Greenhouses,Conservatory (Theodore and Kimberly Maged Tropical House),,,,db118de3-282f-4873-ac90-76148546bc49,,,,-9313155.9129,5205946.0476
1786,20181814,Begonia 'Northern Lights',Northern Lights begonia,Existing,,10/14/2003 12:00:00 AM,No,Insufficient data to determine provenance,,University department,"University of Michigan, Dearborn",Conservatory (Theodore and Kimberly Maged Tropical House),,,,6082e77e-7f13-4827-8256-77418bc70617,,,,-9313155.9129,5205946.0476
1788,20181816,Begonia paulensis,spider web begonia,Existing,,,No,Insufficient data to determine provenance,,Unknown,,Conservatory (Theodore and Kimberly Maged Tropical House),,,,e8897dd3-b048-436b-99db-ee0eeb71f7e2,,,,-9313155.9129,5205946.0476
1792,20181820,Begonia thiemei,palm leaf begonia,Existing,,5/19/1993 12:00:00 AM,No,Insufficient data to determine provenance,,Unknown,,Conservatory (Theodore and Kimberly Maged Tropical House),,,,f9814df4-3936-414e-8227-3248f65770cf,,,,-9313155.9129,5205946.0476
1994,20182022,Billbergia brasiliensis,billbergia,Existing,,3/30/2012 12:00:00 AM,No,Insufficient data to determine provenance,,Unknown,,Conservatory (Theodore and Kimberly Maged Tropical House),,,,c55beacd-8d48-489b-a124-17add50a0aa2,,,,-9313155.9129,5205946.0476
2020,20182048,Billbergia lietzei,billbergia,Existing,,3/30/2012 12:00:00 AM,No,Insufficient data to determine provenance,,Unknown,,Conservatory (Theodore and Kimberly Maged Tropical House),,,,87d42fee-821a-4e23-80f4-73be61e28a6a,,,,-9313155.9129,5205946.0476
2051,20182079,Billbergia sanderiana,billbergia,Existing,,2/6/2012 12:00:00 AM,No,Insufficient data to determine provenance,,Unknown,,Conservatory (Theodore and Kimberly Maged Tropical House),,,,fe7e7bac-dc2a-4be7-80b3-a21c86ff58c8,,,,-9313155.9129,5205946.0476
2096,20182125,Boophone haemanthoides,,Existing,,,No,Insufficient data to determine provenance,,Unknown,,Conservatory (Theodore and Kimberly Maged Tropical House),,,,54d738fd-ff4a-4c52-b91b-3bced23a99e8,,,,-9313155.9129,5205946.0476
2097,20182126,Boophone haemanthoides,,Existing,,,No,Insufficient data to determine provenance,,Unknown,,Conservatory (Theodore and Kimberly Maged Tropical House),,,,3460f1a2-74c3-408a-b294-c20daec2be33,,,,-9313155.9129,5205946.0476
2110,20182140,Bougainvillea glabra,paper flower,Existing,,3/7/1945 12:00:00 AM,No,Insufficient data to determine provenance,,University department,University of Michigan,Conservatory (Theodore and Kimberly Maged Tropical House),,,,e08f19a9-c30c-40e8-9259-ee3ae052c93a,,,,-9313155.9129,5205946.0476
2149,20182180,Broussonetia papyrifera,paper mulberry,Existing,,6/29/2006 12:00:00 AM,No,Insufficient data to determine provenance,,Unknown,,Conservatory (Theodore and Kimberly Maged Tropical House),,,,85b155c1-d781-4cb9-9cef-7e7b696d2a9c,,,,-9313155.9129,5205946.0476
2152,20182183,Kalanchoe delagoense,mother of millions,Existing,,1/26/1999 12:00:00 AM,No,Insufficient data to determine provenance,,Unknown,,Conservatory (Arid House),,,,fd04db7d-e281-4f1e-b74d-f93f6cd09e10,,,,-9313165.7091,5205882.685
2163,20182194,Bulbophyllum clipeibulbum,bulbophyllum,Existing,,12/1/2011 12:00:00 AM,No,Insufficient data to determine provenance,,Unknown,Vietnam,Conservatory (Theodore and Kimberly Maged Tropical House),,,,ef41aef6-b4ae-4039-b69e-b2ae6d72792f,,,,-9313155.9129,5205946.0476
2173,20182205,Bulbophyllum roxburghii,bulbophyllum,Existing,,9/1/1998 12:00:00 AM,No,Insufficient data to determine provenance,,Botanic Garden or Arboretum,Marie Selby Botanical Gardens,Conservatory (Theodore and Kimberly Maged Tropical House),,,,716cab3b-d9ce-46fa-9f98-d55998cef4c5,,,,-9313155.9129,5205946.0476
2177,20182209,Bulbophyllum vaginatum,bulbophyllum,Existing,,6/23/2011 12:00:00 AM,No,Insufficient data to determine provenance,,Unknown,,Conservatory (Theodore and Kimberly Maged Tropical House),,,,e2e8b8b8-061f-48f8-ae94-beb9de9ef374,,,,-9313155.9129,5205946.0476
2211,20182243,Goeppertia kegeljanii,network plant,Existing,,7/9/1976 12:00:00 AM,No,Insufficient data to determine provenance,,Nursery or other commercial establishment,Longwood Gardens,Conservatory (Theodore and Kimberly Maged Tropical House),,,,d867b075-abec-4619-acbd-d43eb822756a,,,,-9313155.9129,5205946.0476
2212,20182244,Goeppertia kegeljanii,network plant,Existing,,4/2/2003 12:00:00 AM,No,Insufficient data to determine provenance,,Nursery or other commercial establishment,Goldner Walsh Nursery,Conservatory (Theodore and Kimberly Maged Tropical House),,,,79b0e7a5-948f-4b26-87e4-f8f3c7447b63,,,,-9313155.9129,5205946.0476
2213,20182247,Goeppertia rufibarba,furry feather calathea,Existing,,4/29/2003 12:00:00 AM,No,Insufficient data to determine provenance,,Nursery or other commercial establishment,Goldner Walsh Nursery,Conservatory (Theodore and Kimberly Maged Tropical House),,,,b02272e3-cedb-46e2-8cb1-0fb11135f1ee,,,,-9313155.9129,5205946.0476
2214,20182248,Goeppertia undulata,,Existing,,7/9/1976 12:00:00 AM,No,Insufficient data to determine provenance,,Nursery or other commercial establishment,Longwood Gardens,Conservatory (Theodore and Kimberly Maged Tropical House),,,,b5decd79-21c4-40c9-b489-02bd7320b1b6,,,,-9313155.9129,5205946.0476
2217,20182252,Beaucarnea hookeri,soap bush,Existing,,8/27/1984 12:00:00 AM,No,Insufficient data to determine provenance,,University department,"University of California, Santa Barbara",Conservatory (Arid House),,,,294cbe48-a5f8-4b48-a764-e1094e4478ea,,,,-9313165.7091,5205882.685
2218,20182253,Beaucarnea hookeri,soap bush,Existing,,12/15/2010 12:00:00 AM,No,Insufficient data to determine provenance,,Unknown,spreadsheet,Conservatory (Arid House),,,,f27bbd01-84f8-474d-bcc9-cc6e7e90beed,,,,-9313165.7091,5205882.685
2259,20182295,Maxillaria lutescens,the camaridium maxillaria,Existing,,8/19/1980 12:00:00 AM,No,Insufficient data to determine provenance,,University department,University of Michigan,Conservatory (Theodore and Kimberly Maged Tropical House),,,,bb5a2fef-50ad-49ca-a527-0c36a3828311,,,,-9313155.9129,5205946.0476
2311,20182350,Campyloneurum phyllitidis,ribbon fern,Existing,,6/26/1931 12:00:00 AM,No,Insufficient data to determine provenance,,University department,Smith College,Conservatory (Theodore and Kimberly Maged Tropical House),,,,568e2686-7c29-4ec0-a61d-3d08eb3490c0,,,,-9313155.9129,5205946.0476
2317,20182356,Hohenbergia augusta,,Existing,,2/6/2012 12:00:00 AM,No,Insufficient data to determine provenance,,Unknown,,Conservatory (Theodore and Kimberly Maged Tropical House),,,,1aabb1d1-a956-4432-afe8-a188398d7008,,,,-9313155.9129,5205946.0476
2320,20182359,Canistrum seidelianum,,Existing,,3/30/2012 12:00:00 AM,No,Insufficient data to determine provenance,,Unknown,,Conservatory (Theodore and Kimberly Maged Tropical House),,,,9c5755eb-2aa8-41af-aaf2-b43668de20cd,,,,-9313155.9129,5205946.0476
2813,20182854,Caryota mitis,clustered fishtail palm,Existing,,11/17/1947 12:00:00 AM,No,Insufficient data to determine provenance,,Unknown,,Conservatory (Theodore and Kimberly Maged Tropical House),,,,53586351-0832-4eaf-9b06-afaa4029369f,,,,-9313155.9129,5205946.0476
3080,20183121,Ceratonia siliqua,St. John's bread,Existing,,2/14/2001 12:00:00 AM,No,Insufficient data to determine provenance,,Unknown,,Conservatory (Temperate House),,,,fe9588ca-dddd-4736-b272-fd55ef314978,,,,-9313161.8128,5205906.3142
3085,20183128,Cercestis mirabilis,,Existing,,5/20/1998 12:00:00 AM,No,Insufficient data to determine provenance,,University department,University of Michigan,Conservatory (Theodore and Kimberly Maged Tropical House),,,,199a920b-c7cd-477f-b674-adce87a63ba3,,,,-9313155.9129,5205946.0476
3151,20183195,Cestrum nocturnum,night jessamine,Existing,,11/1/1958 12:00:00 AM,No,Insufficient data to determine provenance,,Unknown,,Conservatory (Theodore and Kimberly Maged Tropical House),,,,a34f4d08-244b-4afd-a6a5-f939e3f61ac7,,,,-9313155.9129,5205946.0476
3193,20183238,Chamaedorea tepejilote,pacaya palm,Existing,,10/21/2002 12:00:00 AM,No,Insufficient data to determine provenance,,Nursery or other commercial establishment,"Redland Nursery, Inc",Conservatory (Theodore and Kimberly Maged Tropical House),,,,93bead93-53a2-4074-8067-5397e671cdb2,,,,-9313155.9129,5205946.0476
3251,20183296,Chloranthus spicatus,,Existing,,10/28/2002 12:00:00 AM,No,Insufficient data to determine provenance,,University department,University of Massachusetts,Conservatory (Theodore and Kimberly Maged Tropical House),,,,d6089347-f539-4dcb-b53d-36a82ce71d7c,,,,-9313155.9129,5205946.0476
3272,20183319,Cinnamomum myrianthum,,Existing,,4/2/2003 12:00:00 AM,No,Insufficient data to determine provenance,,Nursery or other commercial establishment,Goldner Walsh Nursery,Conservatory (Temperate House),,,,85721ab1-313f-432b-83b6-f77e181384b4,,,,-9313161.8128,5205906.3142
3334,20183383,Scaphyglottis graminifolia,,Existing,,4/12/2012 12:00:00 AM,No,Insufficient data to determine provenance,,Unknown,,Conservatory (Theodore and Kimberly Maged Tropical House),,,,cb29c840-add7-4d76-aad9-bdecbabbd1b1,,,,-9313155.9129,5205946.0476
3413,20183465,Clerodendrum quadriloculare,starburst bush,Existing,,1/21/2004 12:00:00 AM,No,Insufficient data to determine provenance,,Nursery or other commercial establishment,Goldner Walsh Nursery,Conservatory (Theodore and Kimberly Maged Tropical House),,,,5a9b8eb2-f391-44fa-9eba-545cb49c0fc8,,,,-9313155.9129,5205946.0476
3463,20183515,Clusia lanceolata,red-heart porcelain flower,Existing,,8/4/2005 12:00:00 AM,No,Insufficient data to determine provenance,,Nursery or other commercial establishment,Goldner Walsh Nursery,Conservatory (Theodore and Kimberly Maged Tropical House),,,,39c68bd1-cdbb-4763-b063-36a7110772a9,,,,-9313155.9129,5205946.0476
3464,20183516,Clusia rosea,balsam apple,Existing,,11/1/1952 12:00:00 AM,No,Insufficient data to determine provenance,,Unknown,,Conservatory (Theodore and Kimberly Maged Tropical House),,,,33a7fea5-dc6d-4fed-a2d4-f3864ab0edd3,,,,-9313155.9129,5205946.0476
3474,20183529,Codonanthe devosiana 'Paula',,Existing,,6/18/2012 12:00:00 AM,No,Insufficient data to determine provenance,,Unknown,,Conservatory (Theodore and Kimberly Maged Tropical House),,,,b155fee5-cb69-47a1-9f1a-0b05553debd4,,,,-9313155.9129,5205946.0476
3475,20183530,Codonanthe devosiana 'Paula',,Existing,,5/27/2012 12:00:00 AM,No,Insufficient data to determine provenance,,Unknown,,Conservatory (Theodore and Kimberly Maged Tropical House),,,,37619c4a-b88a-4668-8b76-0a97b41cfba0,,,,-9313155.9129,5205946.0476
3476,20183531,Codonanthopsis ulei,,Existing,,,No,Insufficient data to determine provenance,,Unknown,,Conservatory (Theodore and Kimberly Maged Tropical House),,,,2ee4ebf5-701f-4f73-9579-73ee2f5d33b7,,,,-9313155.9129,5205946.0476
3498,20183556,Columnea linearis,,Existing,,6/11/2012 12:00:00 AM,No,Insufficient data to determine provenance,,Unknown,,Conservatory (Theodore and Kimberly Maged Tropical House),,,,ee99dcf3-20f1-4987-a82b-ab208e1d2e72,,,,-9313155.9129,5205946.0476
3499,20183557,Columnea microphylla,,Existing,,8/20/2012 12:00:00 AM,No,Insufficient data to determine provenance,,Unknown,,Conservatory (Theodore and Kimberly Maged Tropical House),,,,d153877b-793f-49fd-b2b8-0a92259166aa,,,,-9313155.9129,5205946.0476
3500,20183558,Columnea orientandina,,Existing,,6/18/2012 12:00:00 AM,No,Insufficient data to determine provenance,,Unknown,,Conservatory (Theodore and Kimberly Maged Tropical House),,,,dbb517d6-f437-4bd6-8244-91048eb83329,,,,-9313155.9129,5205946.0476
3509,20183567,Combretum indicum,rangoon creeper,Existing,,5/14/1998 12:00:00 AM,No,Insufficient data to determine provenance,,Unknown,,Conservatory (Theodore and Kimberly Maged Tropical House),,,,0cbb68f9-d490-48b4-b532-0aacd951d2bf,,,,-9313155.9129,5205946.0476
3511,20183569,Conchophyllum striatum,,Existing,,4/12/2012 12:00:00 AM,No,Insufficient data to determine provenance,,Unknown,"Sulawesi, HBG 96269",Conservatory (Theodore and Kimberly Maged Tropical House),,,,3b6c5d43-fe05-494d-800a-71ebd5d9c2c9,,,,-9313155.9129,5205946.0476
3512,20183570,Conchophyllum striatum,,Existing,,10/13/2011 12:00:00 AM,No,Insufficient data to determine provenance,,Unknown,,Conservatory (Theodore and Kimberly Maged Tropical House),,,,2bd38c99-571d-485d-a04d-d8a56fd32ebe,,,,-9313155.9129,5205946.0476
3547,20183606,Cordyline fruticosa,"ti plant, good luck plant",Existing,,9/1/1984 12:00:00 AM,No,Insufficient data to determine provenance,,Unknown,,Conservatory (Theodore and Kimberly Maged Tropical House),,,,614cf056-ec9a-4605-84eb-3852cba0d342,,,,-9313155.9129,5205946.0476
3548,20183607,Cordyline fruticosa 'Exotica',Exotica ti plant,Existing,,6/27/2005 12:00:00 AM,No,Insufficient data to determine provenance,,Nursery or other commercial establishment,Goldner Walsh Nursery,Conservatory (Theodore and Kimberly Maged Tropical House),,,,afdbb4cc-b43f-44e7-ad0b-bba67e3a51b2,,,,-9313155.9129,5205946.0476
3549,20183608,Cordyline fruticosa 'Glauca',Glauca ti plant,Existing,,1/8/2003 12:00:00 AM,No,Insufficient data to determine provenance,,Nursery or other commercial establishment,Saguaro Nursery,Conservatory (Theodore and Kimberly Maged Tropical House),,,,c1935c09-2d86-48b0-9bbd-04f15a31295d,,,,-9313155.9129,5205946.0476
3910,20183970,Costus pulverulentus,spiral ginger,Existing,,9/1/1971 12:00:00 AM,No,Insufficient data to determine provenance,,Botanic Garden or Arboretum,Missouri Botanical Garden,Conservatory (Theodore and Kimberly Maged Tropical House),,,,78fac406-0100-4958-b640-a079ec9ece3e,,,,-9313155.9129,5205946.0476
3911,20183971,Costus pulverulentus,spiral ginger,Existing,,9/1/1971 12:00:00 AM,No,Insufficient data to determine provenance,,Botanic Garden or Arboretum,Missouri Botanical Garden,Conservatory (Theodore and Kimberly Maged Tropical House),,,,4b596431-0ace-472a-a27f-faed91a05185,,,,-9313155.9129,5205946.0476
3964,20184024,Crassula ovata,jade plant,Existing,,4/9/2004 12:00:00 AM,No,Insufficient data to determine provenance,,Unknown,,Conservatory (Arid House),,,,9e75b812-36c4-43d3-9950-7358a4543d73,,,,-9313165.7091,5205882.685
4107,20184171,Crinum asiaticum,poison bulb,Existing,,5/4/1946 12:00:00 AM,No,Plant of wild source,Existing,Expedition,U.S. Naval Atomic Expedition,Conservatory (Theodore and Kimberly Maged Tropical House),,William Randolph Taylor,"collected 3/22/1946 in Bikini Island, Marshall Islands after nuclear bomb testing",1bee399c-874c-4f61-b585-a8cdafbd789c,,,,-9313155.9129,5205946.0476
4117,20184181,Cryptanthus acaulis,earth star,Existing,,2/6/2012 12:00:00 AM,No,Insufficient data to determine provenance,,Unknown,,Conservatory (Theodore and Kimberly Maged Tropical House),,,,95e76f6f-636b-4548-84a3-33fa5d1271bf,,,,-9313155.9129,5205946.0476
4129,20184193,Cryptanthus bivittatus 'Pink Starlight',Pink Starlight earth star,Existing,,2/6/2012 12:00:00 AM,No,Insufficient data to determine provenance,,Unknown,,Conservatory (Theodore and Kimberly Maged Tropical House),,,,408a3763-55d8-401f-95d7-a1c7a49138fc,,,,-9313155.9129,5205946.0476
4136,20184200,Cryptanthus 'Cascade',Cascade earth star,Existing,,2/6/2012 12:00:00 AM,No,Insufficient data to determine provenance,,Unknown,,Conservatory (Theodore and Kimberly Maged Tropical House),,,,2a5a4597-5133-45c1-a573-15cb58de1ad0,,,,-9313155.9129,5205946.0476
4199,20184266,Cynanchum sp.,swallow-wort,Existing,,9/15/2011 12:00:00 AM,No,Insufficient data to determine provenance,,Unknown,from Madagascar,Conservatory (Theodore and Kimberly Maged Tropical House),,,,a7868b55-fa5f-4e7d-aea7-eef11da51989,,,,-9313155.9129,5205946.0476
4205,20184273,Cyphostemma cirrhosum,,Existing,,8/11/1980 12:00:00 AM,No,Insufficient data to determine provenance,,Unknown,,Conservatory (Arid House),,,,5dd47ace-9e5c-49e0-816b-f3da2b2611e0,,,,-9313165.7091,5205882.685
4318,20184386,Davallia solida,hare's-foot fern,Existing,,1/1/2003 12:00:00 AM,No,Insufficient data to determine provenance,,Unknown,,Conservatory (Theodore and Kimberly Maged Tropical House),,,,114860e6-350b-44f2-9387-9666d8316e87,,,,-9313155.9129,5205946.0476
4343,20184411,Dendrobium cucumerinum,cucumber orchid,Existing,,,No,Insufficient data to determine provenance,,Unknown,,Conservatory (Theodore and Kimberly Maged Tropical House),,,,c5e7ef66-01db-486e-9749-1f276f463629,,,,-9313155.9129,5205946.0476
4353,20184421,Dendrobium lichenastrum,common button orchid,Existing,,11/22/2011 12:00:00 AM,No,Insufficient data to determine provenance,,Unknown,,Conservatory (Theodore and Kimberly Maged Tropical House),,,,3c79af3f-628a-41a9-a95f-8b1068793b28,,,,-9313155.9129,5205946.0476
4368,20184436,Dendrobium palpebrae,brow-like dendrobium,Existing,,,No,Insufficient data to determine provenance,,Unknown,,Conservatory (Theodore and Kimberly Maged Tropical House),,,,9f5359e6-bd01-4e0f-ba60-91d735406264,,,,-9313155.9129,5205946.0476
4369,20184437,Dendrobium dactyliferum,,Existing,,6/23/2011 12:00:00 AM,No,Insufficient data to determine provenance,,Unknown,,Conservatory (Theodore and Kimberly Maged Tropical House),,,,866a8393-ea85-4aa6-b5ad-24d0f1170f27,,,,-9313155.9129,5205946.0476
4370,20184438,Dendrobium dactyliferum,,Existing,,4/12/2012 12:00:00 AM,No,Insufficient data to determine provenance,,Unknown,,Conservatory (Theodore and Kimberly Maged Tropical House),,,,7e056121-c524-4b69-83db-b5a6d6a784a5,,,,-9313155.9129,5205946.0476
4372,20184440,Dendrobium rigidum,smooth tongue orchid,Existing,,4/23/2012 12:00:00 AM,No,Insufficient data to determine provenance,,Unknown,,Conservatory (Theodore and Kimberly Maged Tropical House),,,,73734f85-8616-4595-be68-950bad024709,,,,-9313155.9129,5205946.0476
4422,20184490,Deuterocohnia brevifolia,,Existing,,2/6/2012 12:00:00 AM,No,Insufficient data to determine provenance,,Unknown,,Conservatory (Theodore and Kimberly Maged Tropical House),,,,d4fb8974-0b69-41d6-86b6-ad3cdaef7696,,,,-9313155.9129,5205946.0476
4469,20184537,Dichorisandra thyrsiflora 'Variegata',blue ginger,Existing,,7/9/1976 12:00:00 AM,No,Insufficient data to determine provenance,,Nursery or other commercial establishment,Longwood Gardens,Conservatory (Theodore and Kimberly Maged Tropical House),,,,0878c7e0-bac0-40f3-b00c-11d4f11dbb6e,,,,-9313155.9129,5205946.0476
4470,20184538,Dieffenbachia seguine,dumb cane,Existing,,7/20/1994 12:00:00 AM,No,Insufficient data to determine provenance,,Unknown,,Conservatory (Theodore and Kimberly Maged Tropical House),,,,e679f3c1-82d5-4514-9289-04fae15be532,,,,-9313155.9129,5205946.0476
4542,20184612,Dischidia astephana,dischidia,Existing,,10/13/2011 12:00:00 AM,No,Insufficient data to determine provenance,,Unknown,,Conservatory (Theodore and Kimberly Maged Tropical House),,,,dbf38ae6-4c12-4ae7-8441-6d672179688a,,,,-9313155.9129,5205946.0476
4543,20184613,Dischidia cleistantha,dischidia,Existing,,8/13/2012 12:00:00 AM,No,Insufficient data to determine provenance,,Unknown,"(was sp. red, Thailand), HBG 89903",Conservatory (Theodore and Kimberly Maged Tropical House),,,,a6cb85c4-bda9-459a-9973-f91897f244e7,,,,-9313155.9129,5205946.0476
4544,20184614,Dischidia cleistantha,dischidia,Existing,,4/12/2012 12:00:00 AM,No,Insufficient data to determine provenance,,Unknown,"(was sp. red, Thailand), HBG 89903",Conservatory (Theodore and Kimberly Maged Tropical House),,,,91912072-898b-4323-8431-41366bd48a59,,,,-9313155.9129,5205946.0476
4545,20184615,Dischidia cleistantha,dischidia,Existing,,10/13/2011 12:00:00 AM,No,Insufficient data to determine provenance,,Unknown,"(was sp. red, Thailand)",Conservatory (Theodore and Kimberly Maged Tropical House),,,,009c7897-535b-4e7e-a246-174ccd42d2ac,,,,-9313155.9129,5205946.0476
4546,20184616,Dischidia cornuta,dischidia,Existing,,10/13/2011 12:00:00 AM,No,Insufficient data to determine provenance,,Unknown,,Conservatory (Theodore and Kimberly Maged Tropical House),,,,59cfb9dd-fd97-4490-85c1-3d76484a2169,,,,-9313155.9129,5205946.0476
4547,20184619,Dischidia hirsuta,dischidia,Existing,,,No,Insufficient data to determine provenance,,Unknown,,Conservatory (Theodore and Kimberly Maged Tropical House),,,,2dd4bc10-cc67-43a5-b6f5-e4fa4e6de175,,,,-9313155.9129,5205946.0476
4548,20184620,Dischidia hirsuta,dischidia,Existing,,,No,Insufficient data to determine provenance,,Unknown,,Conservatory (Theodore and Kimberly Maged Tropical House),,,,9b9a82c9-4335-486e-a95e-242dc9135ded,,,,-9313155.9129,5205946.0476
4549,20184621,Dischidia imbricata,dischidia,Existing,,4/12/2012 12:00:00 AM,No,Insufficient data to determine provenance,,Unknown,"ex. T. Livshultz 930041, Malaysia",Conservatory (Theodore and Kimberly Maged Tropical House),,,,e098b9b3-49c6-44f8-b791-6814b1bed847,,,,-9313155.9129,5205946.0476
4550,20184622,Dischidia imbricata,dischidia,Existing,,10/13/2011 12:00:00 AM,No,Insufficient data to determine provenance,,Unknown,,Conservatory (Theodore and Kimberly Maged Tropical House),,,,a2f8dc43-5402-4fe9-a21a-4555061411b4,,,,-9313155.9129,5205946.0476
4551,20184623,Dischidia major,dischidia ,Existing,,6/23/2011 12:00:00 AM,No,Insufficient data to determine provenance,,Unknown,ex C. Alford,Conservatory (Theodore and Kimberly Maged Tropical House),,,,f560fcc4-3628-4c87-8ee7-2d692b315524,,,,-9313155.9129,5205946.0476
4552,20184624,Dischidia major,dischidia ,Existing,,4/12/2012 12:00:00 AM,No,Insufficient data to determine provenance,,Unknown,Bought on eBay,Conservatory (Theodore and Kimberly Maged Tropical House),,,,047f5385-b071-4410-b04e-c6df69f06dc7,,,,-9313155.9129,5205946.0476
4553,20184625,Dischidia major,dischidia ,Existing,,10/13/2011 12:00:00 AM,No,Insufficient data to determine provenance,,Unknown,,Conservatory (Theodore and Kimberly Maged Tropical House),,,,97bc4aab-4bfd-40a2-88de-a9ec26b53119,,,,-9313155.9129,5205946.0476
4554,20184626,Dischidia milnei,dischidia ,Existing,,10/13/2011 12:00:00 AM,No,Insufficient data to determine provenance,,Unknown,,Conservatory (Theodore and Kimberly Maged Tropical House),,,,e3330f20-0cec-498c-9e0d-eedd852e9251,,,,-9313155.9129,5205946.0476
4555,20184627,Dischidia oiantha,dischidia ,Existing,,,No,Insufficient data to determine provenance,,Unknown,,Conservatory (Theodore and Kimberly Maged Tropical House),,,,5141e027-aedd-47bd-ac3b-0b3cec7b190c,,,,-9313155.9129,5205946.0476
4556,20184628,Dischidia platyphylla,shingle plant,Existing,,10/13/2011 12:00:00 AM,No,Insufficient data to determine provenance,,Unknown,ex Ted Green,Conservatory (Theodore and Kimberly Maged Tropical House),,,,af9f6119-4d5c-45e3-9f50-b53311c4127b,,,,-9313155.9129,5205946.0476
4557,20184629,Dischidia platyphylla,shingle plant,Existing,,10/13/2011 12:00:00 AM,No,Insufficient data to determine provenance,,Unknown,ex T. Livshultz,Conservatory (Theodore and Kimberly Maged Tropical House),,,,ca774482-6963-476e-a10d-8a999a35fb30,,,,-9313155.9129,5205946.0476
4558,20184630,Dischidia ruscifolia,million hearts,Existing,,10/13/2011 12:00:00 AM,No,Insufficient data to determine provenance,,Unknown,,Conservatory (Theodore and Kimberly Maged Tropical House),,,,d3378a4d-5ffe-4772-abd5-69546565c866,,,,-9313155.9129,5205946.0476
4559,20184631,Dischidia sp.,dischidia,Existing,,10/24/2012 12:00:00 AM,No,Insufficient data to determine provenance,,Unknown,"Camiguin Island, Phil., HBG 96267",Conservatory (Theodore and Kimberly Maged Tropical House),,,,ea7a4471-6334-4cc7-8a7b-5c6e345f0b17,,,,-9313155.9129,5205946.0476
4560,20184632,Dischidia sp.,dischidia,Existing,,10/13/2011 12:00:00 AM,No,Insufficient data to determine provenance,,Unknown,,Conservatory (Theodore and Kimberly Maged Tropical House),,,,316091cb-171d-45ea-85f6-30115fe83cd5,,,,-9313155.9129,5205946.0476
4561,20184633,Dischidia vidalii,kangaroo pocket,Existing,,3/22/2012 12:00:00 AM,No,Insufficient data to determine provenance,,Nursery or other commercial establishment,eBay from a Florida nursery,Conservatory (Theodore and Kimberly Maged Tropical House),,,,732595d7-c8f0-43ac-abe5-32181680de3d,,,,-9313155.9129,5205946.0476
4572,20184644,Dorstenia buchananii var. longipedunculata,,Existing,,1/12/2012 12:00:00 AM,No,Insufficient data to determine provenance,,Unknown,,Conservatory (Theodore and Kimberly Maged Tropical House),,,,5ad37995-a2e7-4992-af44-f2b58f4e6858,,,,-9313155.9129,5205946.0476
4573,20184645,Dorstenia contrajerva,tusilla,Existing,,2/18/2004 12:00:00 AM,No,Insufficient data to determine provenance,,University department,University of Michigan,Conservatory (Theodore and Kimberly Maged Tropical House),,,,5d8965df-09fe-455d-8e5f-3f9170cf715d,,,,-9313155.9129,5205946.0476
4577,20184649,Dracaena fragrans,corn plant,Existing,,1/8/2003 12:00:00 AM,No,Insufficient data to determine provenance,,Nursery or other commercial establishment,Saguaro Nursery,Conservatory (Theodore and Kimberly Maged Tropical House),,,,56fb52f3-9b3b-49e8-9481-3b441389b6e6,,,,-9313155.9129,5205946.0476
4578,20184650,Dracaena fragrans 'Gold Star',Gold Star fragrant dracaena,Existing,,4/29/2003 12:00:00 AM,No,Insufficient data to determine provenance,,Nursery or other commercial establishment,Saguaro Nursery,Conservatory (Theodore and Kimberly Maged Tropical House),,,,d8790b4c-a0ca-42a0-a0a8-3c2df251d23d,,,,-9313155.9129,5205946.0476
4579,20184652,Dracaena fragrans 'Limelight',Limelight fragrant dracaena,Existing,,2/3/2003 12:00:00 AM,No,Insufficient data to determine provenance,,Nursery or other commercial establishment,Saguaro Nursery,Conservatory (Theodore and Kimberly Maged Tropical House),,,,9fe4df86-c72c-4826-9a19-6aa6e722f5ba,,,,-9313155.9129,5205946.0476
4580,20184654,Dracaena 'Gertrude Manda',Gertrude Manda dracaena,Existing,,11/22/1977 12:00:00 AM,No,Insufficient data to determine provenance,,Botanic Garden or Arboretum,Kingwood Center,Conservatory (Theodore and Kimberly Maged Tropical House),,,,6fb61f49-af4e-477c-9f28-c4d418e8a6de,,,,-9313155.9129,5205946.0476
4581,20184655,Dracaena 'Janet Craig Karen',Janet Craig Karen dracaena,Existing,,6/27/2005 12:00:00 AM,No,Insufficient data to determine provenance,,Nursery or other commercial establishment,Goldner Walsh Nursery,Conservatory (Theodore and Kimberly Maged Tropical House),,,,b5e08615-716c-4341-950f-52ac24431587,,,,-9313155.9129,5205946.0476
4582,20184656,Dracaena reflexa,pleomele,Existing,,1/8/2003 12:00:00 AM,No,Insufficient data to determine provenance,,Nursery or other commercial establishment,Saguaro Nursery,Conservatory (Theodore and Kimberly Maged Tropical House),,,,97ddcf76-8349-444c-9858-148760045f01,,,,-9313155.9129,5205946.0476
4583,20184657,Dracaena surculosa,gold dust dracaena,Existing,,1/1/1990 12:00:00 AM,No,Insufficient data to determine provenance,,University department,University of Michigan,Conservatory (Theodore and Kimberly Maged Tropical House),,,,b5eeb059-f2e2-45f1-8488-693d444cb034,,,,-9313155.9129,5205946.0476
4584,20184658,Drosera adelae,lance-leaved sundew,Existing,,2/19/2004 12:00:00 AM,No,Insufficient data to determine provenance,,Unknown,,Conservatory (Temperate House),,,,3b6943bd-1bc2-47f9-a907-0bde77b94121,,,,-9313161.8128,5205906.3142
4585,20184659,Drosera binata,forked sundew,Existing,,2/19/2004 12:00:00 AM,No,Insufficient data to determine provenance,,Unknown,,Conservatory (Temperate House),,,,e52db40b-ed20-42a3-a780-06816eed3367,,,,-9313161.8128,5205906.3142
4586,20184660,Drosera filiformis,threadleaf sundew,Existing,,12/7/1987 12:00:00 AM,No,Insufficient data to determine provenance,,Unknown,,Conservatory (Temperate House),,,,ba961201-ffac-41d3-adf2-e974a4f1af10,,,,-9313161.8128,5205906.3142
4587,20184661,Drosera filiformis,threadleaf sundew,Existing,,,No,Insufficient data to determine provenance,,Unknown,,Conservatory (Theodore and Kimberly Maged Tropical House),,,,5befa1e8-1085-4697-b5b5-95c87d174d44,,,,-9313155.9129,5205946.0476
4588,20184662,Drosera glanduligera,scarlet sundew,Existing,,,No,Insufficient data to determine provenance,,Unknown,,Conservatory (Theodore and Kimberly Maged Tropical House),,,,c7624d1c-d452-41d9-953e-94ea1707418f,,,,-9313155.9129,5205946.0476
4641,20184716,Echeveria setosa,Mexican firecracker,Existing,,8/1/1964 12:00:00 AM,No,Insufficient data to determine provenance,,Unknown,Dow Chemical Company,Conservatory (Arid House),,,,9890d2f8-fbb9-4f0d-b06d-bb4f1d800b89,,,,-9313165.7091,5205882.685
4692,20184768,Echinopsis huascha,red torch cactus,Existing,,2/24/1986 12:00:00 AM,No,Insufficient data to determine provenance,,Unknown,,Conservatory (Arid House),,,,14db9373-5f3b-4c74-833e-901bb4b80e5b,,,,-9313165.7091,5205882.685
4693,20184769,Eichhornia crassipes,water-hyacinth,Existing,,1/1/1974 12:00:00 AM,No,Insufficient data to determine provenance,,Unknown,,Conservatory (Theodore and Kimberly Maged Tropical House),,,,8d8f058e-71c5-4771-b8f7-a822e6399041,,,,-9313155.9129,5205946.0476
4711,20184787,Elettaria cardamomum,cardamom,Existing,,4/2/2003 12:00:00 AM,No,Insufficient data to determine provenance,,Nursery or other commercial establishment,Goldner Walsh Nursery,Conservatory (Theodore and Kimberly Maged Tropical House),,,,84b0b476-d59d-4217-8a73-f8e71ca4158b,,,,-9313155.9129,5205946.0476
4746,20184823,Encephalartos villosus,forest cycad,Existing,,7/4/1959 12:00:00 AM,No,Insufficient data to determine provenance,,Nursery or other commercial establishment,California Jungle Nursery,Conservatory (Theodore and Kimberly Maged Tropical House),,,,a54b840b-f2b5-4d7d-9f6e-a70349da336d,,,,-9313155.9129,5205946.0476
4774,20184851,Epidendrum peperomia,,Existing,,6/23/2011 12:00:00 AM,No,Insufficient data to determine provenance,,Unknown,,Conservatory (Theodore and Kimberly Maged Tropical House),,,,d7717056-89d5-4941-81d4-3692c96e433b,,,,-9313155.9129,5205946.0476
4791,20184869,Epithelantha micromeris,pingpong-ball cactus,Existing,,,No,Insufficient data to determine provenance,,Unknown,,Conservatory (Theodore and Kimberly Maged Tropical House),,,,548933f4-c68d-4cba-b9f3-0edd0dc9e3de,,,,-9313155.9129,5205946.0476
4829,20184907,Eranthemum pulchellum,blue-sage,Existing,,9/10/1976 12:00:00 AM,No,Insufficient data to determine provenance,,Unknown,,Conservatory (Theodore and Kimberly Maged Tropical House),,,,5025b89a-6a18-4198-86e1-176219fd843b,,,,-9313155.9129,5205946.0476
4926,20185006,Eugenia uniflora,Surinam cherry,Existing,,4/29/2003 12:00:00 AM,No,Insufficient data to determine provenance,,Unknown,,Conservatory (Theodore and Kimberly Maged Tropical House),,,,d8af9a56-a7a2-4fc1-8c0b-0cccbcfa35eb,,,,-9313155.9129,5205946.0476
5039,20185120,Euphorbia tubiglans,euphorbia,Existing,,6/4/1998 12:00:00 AM,No,Insufficient data to determine provenance,,Unknown,,Conservatory (Arid House),,,,2e6ebbac-e5ba-4969-a258-c16d27a17cc9,,,,-9313165.7091,5205882.685
5041,20185122,Euphorbia milii var. splendens,crown-of-thorns,Existing,,4/9/2004 12:00:00 AM,No,Insufficient data to determine provenance,,Unknown,,Conservatory (Arid House),,,,13e02fc3-fffb-4363-ab3e-adcf9c21b916,,,,-9313165.7091,5205882.685
5042,20185123,Euphorbia milii var. splendens,crown-of-thorns,Existing,,3/24/2004 12:00:00 AM,No,Insufficient data to determine provenance,,Unknown,,Conservatory (Arid House),,,,7dd042a9-e5b6-4b0c-b976-70b4a5d77b92,,,,-9313165.7091,5205882.685
5163,20185247,Ficus lyrata,fiddleleaf fig,Existing,,1/1/1910 12:00:00 AM,No,Insufficient data to determine provenance,,Botanic Garden or Arboretum,Missouri Botanical Garden,Conservatory (Theodore and Kimberly Maged Tropical House),,,,51c6f0c1-a8f6-4ba7-8db2-ea3d242b070b,,,,-9313155.9129,5205946.0476
5172,20185257,Ficus pumila,climbing fig,Existing,,6/27/2000 12:00:00 AM,No,Insufficient data to determine provenance,,Nursery or other commercial establishment,Classic Groundcovers,Conservatory (Temperate House),,,,9d1ef1d5-e5e7-47f2-b099-fcc970cedf58,,,,-9313161.8128,5205906.3142
5175,20185261,Ficus sinuata,,Existing,,6/27/2005 12:00:00 AM,No,Insufficient data to determine provenance,,Nursery or other commercial establishment,Goldner Walsh Nursery,Conservatory (Theodore and Kimberly Maged Tropical House),,,,c8f8c9e3-2042-4808-b71b-4d71fed2b187,,,,-9313155.9129,5205946.0476
5186,20185272,Fittonia albivenis 'Minima',Minima nerve plant,Existing,,7/9/1976 12:00:00 AM,No,Insufficient data to determine provenance,,Nursery or other commercial establishment,Longwood Gardens,Conservatory (Theodore and Kimberly Maged Tropical House),,,,ac008b6e-8322-4b6d-9d1d-546ab55de985,,,,-9313155.9129,5205946.0476
5470,20185556,Gardenia jasminoides 'Veitchii',Veitchii cape jasmine,Existing,,6/20/2000 12:00:00 AM,No,Insufficient data to determine provenance,,Nursery or other commercial establishment,Monrovia Nursery Co.,Conservatory (Temperate House),,,,e217da1d-d940-47b6-b6dd-539024133b82,,,,-9313161.8128,5205906.3142
5590,20185676,Gesneria acaulis,,Existing,,4/22/2003 12:00:00 AM,No,Insufficient data to determine provenance,,Nursery or other commercial establishment,Goldner Walsh Nursery,Conservatory (Theodore and Kimberly Maged Tropical House),,,,b99b4557-07e2-43ac-8205-5c01f9a50424,,,,-9313155.9129,5205946.0476
5719,20185805,Gossypium arboreum,tree cotton,Existing,,3/4/2005 12:00:00 AM,No,Insufficient data to determine provenance,,Unknown,,Conservatory (Temperate House),,,,2de6e1ab-a443-4d02-bfd2-97e235459692,,,,-9313161.8128,5205906.3142
5721,20185807,Graptophyllum pictum,caricature-plant,Existing,,3/9/1964 12:00:00 AM,No,Insufficient data to determine provenance,,Nursery or other commercial establishment,Hummel's Exotic Gardens,Conservatory (Theodore and Kimberly Maged Tropical House),,,,6ca9a881-c5fa-42cd-a40a-4d1c0ab725e7,,,,-9313155.9129,5205946.0476
5739,20185826,Guzmania zahnii,tufted airplant,Existing,,3/30/2012 12:00:00 AM,No,Insufficient data to determine provenance,,Unknown,,Conservatory (Theodore and Kimberly Maged Tropical House),,,,28a2fbf0-7c67-4d1f-ba31-bda4c07b7be9,,,,-9313155.9129,5205946.0476
5740,20185827,Guzmania zahnii,tufted airplant,Existing,,3/30/2012 12:00:00 AM,No,Insufficient data to determine provenance,,Unknown,,Conservatory (Theodore and Kimberly Maged Tropical House),,,,0ded716b-b919-4e72-b344-9fc9672360ff,,,,-9313155.9129,5205946.0476
5741,20185828,Guzmania zahnii,tufted airplant,Existing,,3/30/2012 12:00:00 AM,No,Insufficient data to determine provenance,,Unknown,,Conservatory (Theodore and Kimberly Maged Tropical House),,,,1846c941-8dcf-42b7-83f2-43b2f7256473,,,,-9313155.9129,5205946.0476
5743,20185830,Guzmania zahnii 'Variegata',Variegata tufted airplant,Existing,,3/30/2012 12:00:00 AM,No,Insufficient data to determine provenance,,Unknown,,Conservatory (Theodore and Kimberly Maged Tropical House),,,,2d752705-5ebf-45fa-a106-7c6efae959e8,,,,-9313155.9129,5205946.0476
5744,20185831,Guzmania zahnii 'Variegata',Variegata tufted airplant,Existing,,3/30/2012 12:00:00 AM,No,Insufficient data to determine provenance,,Unknown,,Conservatory (Theodore and Kimberly Maged Tropical House),,,,1a151a24-5973-417e-a9df-5d8f1194323c,,,,-9313155.9129,5205946.0476
5776,20185863,Gymnostachyum ceylanicum,,Existing,,10/11/1977 12:00:00 AM,No,Insufficient data to determine provenance,,Nursery or other commercial establishment,Longwood Gardens,Conservatory (Theodore and Kimberly Maged Tropical House),,,,76e34869-30cb-4aaa-8d7d-88714a317ec8,,,,-9313155.9129,5205946.0476
5849,20185936,Haworthiopsis fasciata,fasciated haworthia,Existing,,2/23/1982 12:00:00 AM,No,Insufficient data to determine provenance,,Unknown,,Conservatory (Arid House),,,,430db94c-ccd0-4af5-bb74-d1594458474f,,,,-9313165.7091,5205882.685
5850,20185937,Haworthia fasciata 'Variegata',,Existing,,2/14/2001 12:00:00 AM,No,Insufficient data to determine provenance,,Unknown,,Conservatory (Arid House),,,,a5c1521e-3d22-4092-afcd-e800604072c6,,,,-9313165.7091,5205882.685
5851,20185938,Haworthiopsis limifolia,fairy washboard,Existing,,1/1/1986 12:00:00 AM,No,Insufficient data to determine provenance,,Unknown,,Conservatory (Arid House),,,,8631f3de-9e97-4f22-ac26-692e8a1b089c,,,,-9313165.7091,5205882.685
6079,20186171,Strobilanthes sinuata,dragon's tongue,Existing,,7/9/1976 12:00:00 AM,No,Insufficient data to determine provenance,,Nursery or other commercial establishment,Longwood Gardens,Conservatory (Theodore and Kimberly Maged Tropical House),,,,f3535e79-4a8b-430a-84c4-dddea920a213,,,,-9313155.9129,5205946.0476
6080,20186172,Hemionitis arifolia,heart fern,Existing,,4/21/2003 12:00:00 AM,No,Insufficient data to determine provenance,,Nursery or other commercial establishment,Goldner Walsh Nursery,Conservatory (Theodore and Kimberly Maged Tropical House),,,,85eab51e-6e3b-4a33-a957-ff61572114a8,,,,-9313155.9129,5205946.0476
6168,20186260,Hibiscus ×rosa-sinensis 'Kiss and Tell',Kiss and Tell Chinese hibiscus,Existing,,6/27/2005 12:00:00 AM,No,Insufficient data to determine provenance,,Nursery or other commercial establishment,Goldner Walsh Nursery,Conservatory (Theodore and Kimberly Maged Tropical House),,,,946d9448-d061-4a85-ad49-7f3a419f7a37,,,,-9313155.9129,5205946.0476
6169,20186261,Hibiscus 'Mary Poppins',Mary Poppins rose mallow,Existing,,6/27/2005 12:00:00 AM,No,Insufficient data to determine provenance,,Nursery or other commercial establishment,Goldner Walsh Nursery,Conservatory (Theodore and Kimberly Maged Tropical House),,,,4839acfc-6bab-4d74-8139-d2cce3478311,,,,-9313155.9129,5205946.0476
6205,20186297,Hohenbergia correia-araujoi,,Existing,,2/6/2012 12:00:00 AM,No,Insufficient data to determine provenance,,Unknown,,Conservatory (Theodore and Kimberly Maged Tropical House),,,,b00b74c1-7d41-48a5-93c6-c4a997a076c7,,,,-9313155.9129,5205946.0476
6206,20186298,Hohenbergia leopoldo-horstii,,Existing,,3/30/2012 12:00:00 AM,No,Insufficient data to determine provenance,,Unknown,,Conservatory (Theodore and Kimberly Maged Tropical House),,,,ae20cbe5-edbc-4522-a0b3-6a56e84e402f,,,,-9313155.9129,5205946.0476
6209,20186301,Homalomena 'Emerald Gem',Emerald Gem homalomena,Existing,,4/29/2003 12:00:00 AM,No,Insufficient data to determine provenance,,Nursery or other commercial establishment,Goldner Walsh Nursery,Conservatory (Theodore and Kimberly Maged Tropical House),,,,9ad02054-b8a9-424a-a965-97a725bf1be7,,,,-9313155.9129,5205946.0476
6210,20186302,Hoodia gordonii,Kalahari cactus,Existing,,3/22/2012 12:00:00 AM,No,Insufficient data to determine provenance,,Unknown,sown July 2009,Conservatory (Theodore and Kimberly Maged Tropical House),,,,f47437a7-49d9-4bd4-b529-311bbfbd1a0a,,,,-9313155.9129,5205946.0476
6258,20186350,Hoya imbricata,shingle plant,Existing,,6/23/2011 12:00:00 AM,No,Insufficient data to determine provenance,,Unknown,,Conservatory (Theodore and Kimberly Maged Tropical House),,,,eb520a53-5c93-43a0-bc45-de77d3ca424c,,,,-9313155.9129,5205946.0476
6259,20186351,Hoya imbricata,shingle plant,Existing,,6/11/2012 12:00:00 AM,No,Insufficient data to determine provenance,,Unknown,,Conservatory (Theodore and Kimberly Maged Tropical House),,,,a1780db4-f48c-4b9e-8e90-268fcb5ae49d,,,,-9313155.9129,5205946.0476
6260,20186352,Hoya sp.,hoya,Existing,,9/15/2012 12:00:00 AM,No,Insufficient data to determine provenance,,Unknown,,Conservatory (Theodore and Kimberly Maged Tropical House),,,,46627b51-316b-4667-9465-76117d09d32a,,,,-9313155.9129,5205946.0476
6263,20186355,Davallia sessilifolia,,Existing,,12/15/2011 12:00:00 AM,No,Insufficient data to determine provenance,,Unknown,,Conservatory (Theodore and Kimberly Maged Tropical House),,,,50449b36-befa-404d-b652-8ba68c439506,,,,-9313155.9129,5205946.0476
6264,20186356,Davallia sessilifolia,,Existing,,12/15/2011 12:00:00 AM,No,Insufficient data to determine provenance,,Unknown,,Conservatory (Theodore and Kimberly Maged Tropical House),,,,35ef6e23-e98d-4e8e-88f8-2c1529be426d,,,,-9313155.9129,5205946.0476
6266,20186359,Hydnophytum ferrugineum,ant-plant,Existing,,10/27/2011 12:00:00 AM,No,Insufficient data to determine provenance,,Unknown,,Conservatory (Theodore and Kimberly Maged Tropical House),,,,607f45e4-b505-4ffc-b299-d3af9f51a40a,,,,-9313155.9129,5205946.0476
6267,20186360,Hydnophytum ferrugineum,ant-plant,Existing,,10/27/2011 12:00:00 AM,No,Insufficient data to determine provenance,,Unknown,,Conservatory (Theodore and Kimberly Maged Tropical House),,,,4dad0899-21c1-4273-a31b-5fe5d4296138,,,,-9313155.9129,5205946.0476
6268,20186361,Hydnophytum ferrugineum,ant-plant,Existing,,,No,Insufficient data to determine provenance,,Unknown,"York Peninsula, Australia, Roger Bedford",Conservatory (Theodore and Kimberly Maged Tropical House),,,,986fe5c0-a02b-4d57-bcad-455ab2689970,,,,-9313155.9129,5205946.0476
6269,20186362,Hydnophytum formicarum,ant-plant,Existing,,3/31/2011 12:00:00 AM,No,Insufficient data to determine provenance,,Unknown,Selby 1988-94,Conservatory (Theodore and Kimberly Maged Tropical House),,,,78ff115f-214e-42f8-b3d0-36a9a70b4d5e,,,,-9313155.9129,5205946.0476
6270,20186363,Hydnophytum formicarum,ant-plant,Existing,,2/15/2011 12:00:00 AM,No,Insufficient data to determine provenance,,Unknown,the Horne form,Conservatory (Theodore and Kimberly Maged Tropical House),,,,86eb6698-4844-4ec4-8c6c-9099939f152f,,,,-9313155.9129,5205946.0476
6271,20186364,Hydnophytum formicarum,ant-plant,Existing,,,No,Insufficient data to determine provenance,,Unknown,"'Singapore', Andrew Tay, 10/20/2010",Conservatory (Theodore and Kimberly Maged Tropical House),,,,30a19d1c-b22e-4baf-a74c-990ae4939258,,,,-9313155.9129,5205946.0476
6272,20186365,Hydnophytum formicarum,ant-plant,Existing,,,No,Insufficient data to determine provenance,,Unknown,"Quezon Prov. Philippines, Sy Merlin, H F QUEZON-1, only 1, 11/24/2010",Conservatory (Theodore and Kimberly Maged Tropical House),,,,a8615b70-57b9-43e4-9839-cd03e58d3005,,,,-9313155.9129,5205946.0476
6273,20186366,Hydnophytum formicarum,ant-plant,Existing,,,No,Insufficient data to determine provenance,,Botanic Garden or Arboretum,"Papau New Guinea, Atlanta Botanical Garden 2001-1053, seed of H F NG_2, 11/24/2010",Conservatory (Theodore and Kimberly Maged Tropical House),,,,7aafefc3-21d4-4b71-87d4-caec49e060c4,,,,-9313155.9129,5205946.0476
6274,20186367,Hydnophytum formicarum,ant-plant,Existing,,,No,Insufficient data to determine provenance,,Unknown,"Multistem type, Michal Monnier, H F MULTISTEM-11, 11/24/2010",Conservatory (Theodore and Kimberly Maged Tropical House),,,,504889d7-cfbd-4417-8bd6-d2912113cc7e,,,,-9313155.9129,5205946.0476
6275,20186368,Hydnophytum formicarum,ant-plant,Existing,,,No,Insufficient data to determine provenance,,Botanic Garden or Arboretum,"Atlanta Botanical Garden 1990-1069, H F ABG 90-1069-6, 11/24/2010",Conservatory (Theodore and Kimberly Maged Tropical House),,,,aacefb8c-3d45-4965-9f53-9a0d0da809c5,,,,-9313155.9129,5205946.0476
6276,20186369,Hydnophytum formicarum,ant-plant,Existing,,,No,Insufficient data to determine provenance,,Botanic Garden or Arboretum,"2 Plants, Atlanta Botanical Garden 1090-1044, 9/12/2010",Conservatory (Theodore and Kimberly Maged Tropical House),,,,570f8409-95e5-4bd3-acb6-d10370c0fbb6,,,,-9313155.9129,5205946.0476
6278,20186371,Hydnophytum moseleyanum,ant-plant,Existing,,6/23/2011 12:00:00 AM,No,Insufficient data to determine provenance,,Unknown,black caudex,Conservatory (Theodore and Kimberly Maged Tropical House),,,,d21ad70f-2d6b-4cb7-bbb8-0c0ee1445289,,,,-9313155.9129,5205946.0476
6279,20186372,Hydnophytum moseleyanum,ant-plant,Existing,,3/31/2011 12:00:00 AM,No,Insufficient data to determine provenance,,Unknown,from Mindanao,Conservatory (Theodore and Kimberly Maged Tropical House),,,,0815fd38-95a9-4517-b0aa-4cee6d51d1cb,,,,-9313155.9129,5205946.0476
6280,20186373,Hydnophytum moseleyanum,ant-plant,Existing,,3/24/2011 12:00:00 AM,No,Insufficient data to determine provenance,,Unknown,from New Guinea,Conservatory (Theodore and Kimberly Maged Tropical House),,,,946b2adc-7908-4c12-8f8d-cdaa6ebb5108,,,,-9313155.9129,5205946.0476
6281,20186374,Hydnophytum moseleyanum,ant-plant,Existing,,10/13/2011 12:00:00 AM,No,Insufficient data to determine provenance,,Unknown,from Australia,Conservatory (Theodore and Kimberly Maged Tropical House),,,,087b6bae-714c-41ca-a7bf-21b7192c8dec,,,,-9313155.9129,5205946.0476
6282,20186375,Hydnophytum moseleyanum,ant-plant,Existing,,,No,Insufficient data to determine provenance,,Unknown,"Taylor Orchids, 9/12/2010",Conservatory (Theodore and Kimberly Maged Tropical House),,,,a388ada6-22e1-4f91-ae49-6ff1a3c03cca,,,,-9313155.9129,5205946.0476
6283,20186376,Hydnophytum moseleyanum,ant-plant,Existing,,,No,Insufficient data to determine provenance,,Unknown,"Siquijor, Sy Merlin, H SL SIQUIJOR-2, 11/24/2010",Conservatory (Theodore and Kimberly Maged Tropical House),,,,7df656f9-c4c7-4765-96e0-068a8b6bfcfb,,,,-9313155.9129,5205946.0476
6284,20186377,Hydnophytum moseleyanum,ant-plant,Existing,,,No,Insufficient data to determine provenance,,Unknown,"Mindanao, Andrew Tay, H SL DAVAO-5, 11/24/2010",Conservatory (Theodore and Kimberly Maged Tropical House),,,,084c7002-bfeb-4462-912a-d97b933e94d8,,,,-9313155.9129,5205946.0476
6285,20186378,Hydnophytum moseleyanum,ant-plant,Existing,,,No,Insufficient data to determine provenance,,Unknown,"Mindanao, Andrew Tay, H SL DAVAO-3, 11/24/2010",Conservatory (Theodore and Kimberly Maged Tropical House),,,,a2c0a3e7-ff25-4a2f-ba60-254fc41484ea,,,,-9313155.9129,5205946.0476
6286,20186379,Hydnophytum moseleyanum,ant-plant,Existing,,,No,Insufficient data to determine provenance,,Unknown,"Mindanao, Andrew Tay, 10/20/2010",Conservatory (Theodore and Kimberly Maged Tropical House),,,,9f260855-ab45-4fcf-bbdc-2d7164d37a11,,,,-9313155.9129,5205946.0476
6287,20186380,Hydnophytum moseleyanum,ant-plant,Existing,,,No,Insufficient data to determine provenance,,Unknown,"Chris, Flordia, 11/2/2010",Conservatory (Theodore and Kimberly Maged Tropical House),,,,352d7873-992e-472c-90b9-20316d7b6caf,,,,-9313155.9129,5205946.0476
6288,20186381,Hydnophytum moseleyanum,ant-plant,Existing,,,No,Insufficient data to determine provenance,,University department,"Black Caudex when Old, University of California - Davis, seed of H SL UCD-1, 11/24/2010",Conservatory (Theodore and Kimberly Maged Tropical House),,,,acfb7bd0-f518-4d26-8b81-8b868b49db4d,,,,-9313155.9129,5205946.0476
6289,20186382,Hydnophytum moseleyanum 'leather leaf',leather leaf ant-plant,Existing,,6/25/2012 12:00:00 AM,No,Insufficient data to determine provenance,,Unknown,"seeds from Michel Monnier of France on August 14, 2008.  I planted the seed that became this",Conservatory (Theodore and Kimberly Maged Tropical House),,,,41064977-8fa3-4716-9ea8-8cdfeeb81e1b,,,,-9313155.9129,5205946.0476
6290,20186383,Hydnophytum moseleyanum,ant-plant,Existing,,10/13/2011 12:00:00 AM,No,Insufficient data to determine provenance,,Unknown,,Conservatory (Theodore and Kimberly Maged Tropical House),,,,181bc943-3351-4615-8bb0-aa5eb83dcfc7,,,,-9313155.9129,5205946.0476
6291,20186384,Hydnophytum radicans,ant-plant,Existing,,2/15/2011 12:00:00 AM,No,Insufficient data to determine provenance,,Unknown,,Conservatory (Theodore and Kimberly Maged Tropical House),,,,45a8765c-9baa-43b7-887d-a997ccdb7d7f,,,,-9313155.9129,5205946.0476
6292,20186385,Hydnophytum radicans,ant-plant,Existing,,,No,Insufficient data to determine provenance,,Unknown,"Specimen Plant, Leiden BG, Netherlands, 11/2/2010",Conservatory (Theodore and Kimberly Maged Tropical House),,,,e8e2d15d-22d9-40eb-b350-420b8a6f0196,,,,-9313155.9129,5205946.0476
6293,20186386,Hydnophytum radicans,ant-plant,Existing,,,No,Insufficient data to determine provenance,,Unknown,"Side Mount, Leiden BG, Netherlands, 9/12/2010",Conservatory (Theodore and Kimberly Maged Tropical House),,,,117aac4f-01b5-4e89-8422-e63b23c4fbe6,,,,-9313155.9129,5205946.0476
6294,20186387,Hydnophytum radicans,ant-plant,Existing,,,No,Insufficient data to determine provenance,,Unknown,"Leiden BG, Netherlands, 10/20/2010",Conservatory (Theodore and Kimberly Maged Tropical House),,,,a2789ba4-bab1-4c9f-a746-19dd3cdc7cda,,,,-9313155.9129,5205946.0476
6295,20186388,Hydnophytum radicans,ant-plant,Existing,,,No,Insufficient data to determine provenance,,Unknown,"Leiden BG, Netherlands, 10/20/2010",Conservatory (Theodore and Kimberly Maged Tropical House),,,,f4888151-6a25-4c45-a66d-7b8f6afa6e90,,,,-9313155.9129,5205946.0476
6296,20186389,Hydnophytum sp.,ant-plant,Existing,,7/2/2012 12:00:00 AM,No,Insufficient data to determine provenance,,Unknown,"Irian Jaya, hairy flower August 7, 2010 from a grower in Singapore",Conservatory (Theodore and Kimberly Maged Tropical House),,,,9ef0297d-4353-445f-a64c-e264fd866045,,,,-9313155.9129,5205946.0476
6297,20186390,Hydnophytum sp.,ant-plant,Existing,,11/24/2010 12:00:00 AM,No,Insufficient data to determine provenance,,Unknown,"Bogor, Java, Andrew Tay, H SL BOGOR JAVA-1, only 1",Conservatory (Theodore and Kimberly Maged Tropical House),,,,a907470d-4b43-491f-960a-76955f88fce6,,,,-9313155.9129,5205946.0476
6298,20186391,Hydnophytum sp.,ant-plant,Existing,,10/27/2011 12:00:00 AM,No,Insufficient data to determine provenance,,Nursery or other commercial establishment,"990059, Andreas Wistuba, Nepenthes Nursery in Germany",Conservatory (Theodore and Kimberly Maged Tropical House),,,,421cb122-b507-417d-96a5-914d19fced3f,,,,-9313155.9129,5205946.0476
6299,20186392,Hydnophytum sp.,ant-plant,Existing,,10/27/2011 12:00:00 AM,No,Insufficient data to determine provenance,,Nursery or other commercial establishment,"990057, Andreas Wistuba, Nepenthes Nursery in Germany",Conservatory (Theodore and Kimberly Maged Tropical House),,,,753cd64d-8f7c-418e-88d0-7520e69fa705,,,,-9313155.9129,5205946.0476
6300,20186393,Hydnophytum sp.,ant-plant,Existing,,10/27/2011 12:00:00 AM,No,Insufficient data to determine provenance,,Nursery or other commercial establishment,"9900290, Andreas Wistuba, Nepenthes Nursery in Germany",Conservatory (Theodore and Kimberly Maged Tropical House),,,,3fc3083e-8bf4-416e-ad48-8bac78782162,,,,-9313155.9129,5205946.0476
6301,20186394,Hydnophytum sp.,ant-plant,Existing,,10/27/2011 12:00:00 AM,No,Insufficient data to determine provenance,,Nursery or other commercial establishment,"950006, Andreas Wistuba, Nepenthes Nursery in Germany",Conservatory (Theodore and Kimberly Maged Tropical House),,,,06bdcf46-89f6-4e88-8d00-7834d4beaad0,,,,-9313155.9129,5205946.0476
6302,20186395,Hydnophytum sp.,ant-plant,Existing,,10/27/2011 12:00:00 AM,No,Insufficient data to determine provenance,,Nursery or other commercial establishment,"910133, Andreas Wistuba, Nepenthes Nursery in Germany",Conservatory (Theodore and Kimberly Maged Tropical House),,,,a753b62e-9949-4390-9b7b-1f381340cda6,,,,-9313155.9129,5205946.0476
6303,20186396,Hydnophytum sp.,ant-plant,Existing,,10/27/2011 12:00:00 AM,No,Insufficient data to determine provenance,,Nursery or other commercial establishment,"20090014, Andreas Wistuba, Nepenthes Nursery in Germany",Conservatory (Theodore and Kimberly Maged Tropical House),,,,3b883bc8-42f3-4f60-83e9-ac132ecea43b,,,,-9313155.9129,5205946.0476
6304,20186397,Hydnophytum sp.,ant-plant,Existing,,10/27/2011 12:00:00 AM,No,Insufficient data to determine provenance,,Nursery or other commercial establishment,"20040016, Andreas Wistuba, Nepenthes Nursery in Germany",Conservatory (Theodore and Kimberly Maged Tropical House),,,,4fc576b5-d0f9-4d10-95e6-4d83893f57bd,,,,-9313155.9129,5205946.0476
6305,20186398,Hydnophytum sp.,ant-plant,Existing,,,No,Insufficient data to determine provenance,,Nursery or other commercial establishment,"Doorman Top, Irian Jaya, Andreas Wistuba, Nepenthes Nursery in Germany",Conservatory (Theodore and Kimberly Maged Tropical House),,,,fdb24107-ba4d-4815-930e-6a1e8bcae0da,,,,-9313155.9129,5205946.0476
6380,20186473,Hymenophyllum,filmy fern,Existing,,11/22/2011 12:00:00 AM,No,Insufficient data to determine provenance,,Unknown,,Conservatory (Theodore and Kimberly Maged Tropical House),,,,40c77227-9628-4af9-81c4-b9c19a50637f,,,,-9313155.9129,5205946.0476
6414,20186507,Hypnodendron,,Existing,,,No,Insufficient data to determine provenance,,Unknown,,Conservatory (Theodore and Kimberly Maged Tropical House),,,,943d4064-febc-4b6a-a55b-efda4feab00e,,,,-9313155.9129,5205946.0476
6505,20186599,Impatiens keilii,,Existing,,12/15/2011 12:00:00 AM,No,Insufficient data to determine provenance,,Unknown,,Conservatory (Theodore and Kimberly Maged Tropical House),,,,30ef5955-1515-4516-90f2-a4a858de98e8,,,,-9313155.9129,5205946.0476
6506,20186600,Impatiens keilii,,Existing,,12/11/2012 12:00:00 AM,No,Insufficient data to determine provenance,,Unknown,,Conservatory (Theodore and Kimberly Maged Tropical House),,,,f3aabf51-65ce-4dea-acde-8840828374f5,,,,-9313155.9129,5205946.0476
6507,20186601,Impatiens niamniamensis 'African Princess',,Existing,,6/25/2012 12:00:00 AM,No,Insufficient data to determine provenance,,Unknown,,Conservatory (Theodore and Kimberly Maged Tropical House),,,,4d83f248-66d8-40cd-b11a-a5a0c976cabc,,,,-9313155.9129,5205946.0476
6508,20186602,Impatiens niamniamensis 'African Princess',,Existing,,6/25/2012 12:00:00 AM,No,Insufficient data to determine provenance,,Unknown,,Conservatory (Theodore and Kimberly Maged Tropical House),,,,8892a22b-a237-442e-9dc9-2a7dec247eaa,,,,-9313155.9129,5205946.0476
6510,20186604,Impatiens paucidentata,,Existing,,3/22/2012 12:00:00 AM,No,Insufficient data to determine provenance,,Unknown,,Conservatory (Theodore and Kimberly Maged Tropical House),,,,7103a43e-3ccd-4759-bf3a-37cad055ccf1,,,,-9313155.9129,5205946.0476
6511,20186605,Impatiens repens,,Existing,,4/29/2003 12:00:00 AM,No,Insufficient data to determine provenance,,University department,University of Michigan,Conservatory (Theodore and Kimberly Maged Tropical House),,,,5abbd990-4f58-4f99-a04c-0740ad0e456e,,,,-9313155.9129,5205946.0476
6512,20186606,Impatiens sodenii 'Robert the Red',Oliver's touch-me-not,Existing,,6/25/2012 12:00:00 AM,No,Insufficient data to determine provenance,,Unknown,,Conservatory (Theodore and Kimberly Maged Tropical House),,,,4c7f812d-3b4f-4f25-974b-2cd8cc9357e0,,,,-9313155.9129,5205946.0476
6513,20186607,Impatiens,touch-me-not,Existing,,6/11/2012 12:00:00 AM,No,Insufficient data to determine provenance,,Unknown,,Conservatory (Theodore and Kimberly Maged Tropical House),,,,a579c88a-f9e2-42b8-beaf-c49f4bbac79f,,,,-9313155.9129,5205946.0476
6541,20186635,Iris japonica 'Variegata',,Existing,,10/1/1987 12:00:00 AM,No,Insufficient data to determine provenance,,University department,University of Michigan,Conservatory (Temperate House),,,,cd1f233d-93c8-4c52-9b64-2dbb9bc1f039,,,,-9313161.8128,5205906.3142
6617,20186711,Jacaranda mimosifolia,black poui,Existing,,6/29/2006 12:00:00 AM,No,Insufficient data to determine provenance,,Unknown,,Conservatory (Theodore and Kimberly Maged Tropical House),,,,903c55d9-7336-4e9a-a8d5-aa1f55fbe897,,,,-9313155.9129,5205946.0476
6619,20186713,Jasminum officinale,poet's jasmine,Existing,,9/24/1984 12:00:00 AM,No,Insufficient data to determine provenance,,University department,University of Michigan,Conservatory (Temperate House),,,,da8a46ac-354c-4b0d-a327-c0c9a99862c5,,,,-9313161.8128,5205906.3142
6620,20186714,Jasminum officinale,poet's jasmine,Existing,,9/24/1984 12:00:00 AM,No,Insufficient data to determine provenance,,Unknown,Thompson and Morgan,Conservatory (Temperate House),,,,c403ec63-f0a8-4615-a40b-bbaa4471f450,,,,-9313161.8128,5205906.3142
6865,20186961,Kalanchoe schizophylla,,Existing,,9/15/2011 12:00:00 AM,No,Insufficient data to determine provenance,,Unknown,,Conservatory (Theodore and Kimberly Maged Tropical House),,,,f7886617-8284-49f5-8c83-47586ea7eb66,,,,-9313155.9129,5205946.0476
6866,20186962,Kalanchoe tomentosa,,Existing,,3/23/2004 12:00:00 AM,No,Insufficient data to determine provenance,,Unknown,,Conservatory (Arid House),,,,d9ad1e96-6482-4c9f-8059-ab76b59e8b1a,,,,-9313165.7091,5205882.685
6944,20187040,Kigelia africana,sausage tree,Existing,,5/13/1998 12:00:00 AM,No,Insufficient data to determine provenance,,Botanic Garden or Arboretum,Missouri Botanical Garden,Conservatory (Theodore and Kimberly Maged Tropical House),,,,108d5ecd-feec-484f-82d0-b54dfbb821f6,,,,-9313155.9129,5205946.0476
7043,20187140,Lecanopteris 'Alford',,Existing,,2/15/2011 12:00:00 AM,No,Insufficient data to determine provenance,,Unknown,,Conservatory (Theodore and Kimberly Maged Tropical House),,,,89b974c1-62bf-4d7d-b7ce-d84d2e46893b,,,,-9313155.9129,5205946.0476
7044,20187141,Lecanopteris 'Alford',,Existing,,11/2/2010 12:00:00 AM,No,Insufficient data to determine provenance,,Unknown,Nick Plummer,Conservatory (Theodore and Kimberly Maged Tropical House),,,,3ae956e9-9f88-4ff1-b4c0-e03028a27063,,,,-9313155.9129,5205946.0476
7045,20187142,Lecanopteris carnosa,,Existing,,3/31/2011 12:00:00 AM,No,Insufficient data to determine provenance,,Unknown,,Conservatory (Theodore and Kimberly Maged Tropical House),,,,6f9b00fd-11d5-4c08-96d2-8dcd9a5ad04d,,,,-9313155.9129,5205946.0476
7046,20187143,Lecanopteris deparioides,ant-fern,Existing,,2/15/2011 12:00:00 AM,No,Insufficient data to determine provenance,,Unknown,,Conservatory (Theodore and Kimberly Maged Tropical House),,,,21db078d-b3e1-437d-b7b0-1e20b9b71d7d,,,,-9313155.9129,5205946.0476
7047,20187144,Lecanopteris deparioides,ant-fern,Existing,,11/24/2010 12:00:00 AM,No,Insufficient data to determine provenance,,Nursery or other commercial establishment,Wistuba,Conservatory (Theodore and Kimberly Maged Tropical House),,,,8a31beb8-6e14-416c-b7a9-a6b9f1ae69b0,,,,-9313155.9129,5205946.0476
7048,20187145,Lecanopteris holttumii,,Existing,,,No,Insufficient data to determine provenance,,Unknown,,Conservatory (Theodore and Kimberly Maged Tropical House),,,,d27ad2b8-2e08-4479-ac32-e05cfaa506fb,,,,-9313155.9129,5205946.0476
7049,20187146,Lecanopteris pumila,,Existing,,12/11/2012 12:00:00 AM,No,Insufficient data to determine provenance,,Nursery or other commercial establishment,"My material originated with a German nursery, The Nepenthes Nursery",Conservatory (Theodore and Kimberly Maged Tropical House),,,,44e01270-d179-4ab3-8906-144f2b9a74b1,,,,-9313155.9129,5205946.0476
7051,20187148,Leea guineensis,,Existing,,5/11/1998 12:00:00 AM,No,Insufficient data to determine provenance,,Unknown,,Conservatory (Theodore and Kimberly Maged Tropical House),,,,1e76e3d1-c255-454c-adf2-73a69aa40843,,,,-9313155.9129,5205946.0476
7058,20187155,Lepisorus microphyllus,green penny fern,Existing,,3/31/2003 12:00:00 AM,No,Insufficient data to determine provenance,,Nursery or other commercial establishment,Saguaro Nursery,Conservatory (Theodore and Kimberly Maged Tropical House),,,,0bff83da-dc58-4413-850f-cf9eb0fe00df,,,,-9313155.9129,5205946.0476
7059,20187156,Lepisorus microphyllus,green penny fern,Existing,,6/23/2011 12:00:00 AM,No,Insufficient data to determine provenance,,Unknown,,Conservatory (Theodore and Kimberly Maged Tropical House),,,,7a28de61-5778-4aa4-ba12-f2867bdca9a7,,,,-9313155.9129,5205946.0476
7086,20187183,Lepisorus bicolor,,Existing,,6/28/2000 12:00:00 AM,No,Insufficient data to determine provenance,,Nursery or other commercial establishment,Plant Delights Nursery,Conservatory (Temperate House),,,,d89cd916-cf4e-436b-9b4c-ce2d524234af,,,,-9313161.8128,5205906.3142
7190,20187287,Licuala grandis,fan palm,Existing,,10/21/2002 12:00:00 AM,No,Insufficient data to determine provenance,,Nursery or other commercial establishment,"Redland Nursery, Inc",Conservatory (Theodore and Kimberly Maged Tropical House),,,,5da81e54-cf41-4feb-a344-3b3ee19c40d2,,,,-9313155.9129,5205946.0476
7196,20187293,Ligustrum lucidum,glossy privet,Existing,,2/14/2001 12:00:00 AM,No,Insufficient data to determine provenance,,Unknown,,Conservatory (Temperate House),,,,30585319-e50c-4a3c-9faa-c77295eb365b,,,,-9313161.8128,5205906.3142
7379,20187478,Livistona chinensis,fountain palm,Existing,,7/18/2000 12:00:00 AM,No,Insufficient data to determine provenance,,Nursery or other commercial establishment,Oasis Tree Farms,Conservatory (Temperate House),,,,020d43f6-ab35-4653-bbcd-1ed9fc7b18f3,,,,-9313161.8128,5205906.3142
7439,20187538,Lonicera ligustrina V yunnanensis,,Existing,,10/1/2002 12:00:00 AM,No,Insufficient data to determine provenance,,Nursery or other commercial establishment,Forest Farm,Conservatory (Temperate House),,,,8e6e58be-9f78-4d3c-8243-64426c30fd5a,,,,-9313161.8128,5205906.3142
7533,20187633,Lygodium japonicum,Japanese climbing fern,Existing,,5/11/1998 12:00:00 AM,No,Insufficient data to determine provenance,,Unknown,,Conservatory (Temperate House),,,,cb7bcad9-e0ea-4794-8ef8-1e82f46c505b,,,,-9313161.8128,5205906.3142
7899,20188000,Mammillaria bocasana,,Existing,,6/9/1998 12:00:00 AM,No,Insufficient data to determine provenance,,Unknown,,Conservatory (Arid House),,,,6b2a0a4c-0961-445a-a956-8cd4d3e96f47,,,,-9313165.7091,5205882.685
7902,20188003,Mammillaria elongata,,Existing,,11/1/1965 12:00:00 AM,No,Insufficient data to determine provenance,,Nursery or other commercial establishment,Henrietta's Nursery,Conservatory (Arid House),,,,31b8de21-f1d2-44bf-bc65-79b32af2ecdb,,,,-9313165.7091,5205882.685
7906,20188010,Marginatocereus marginatus,,Existing,,4/2/2004 12:00:00 AM,No,Insufficient data to determine provenance,,Unknown,,Conservatory (Arid House),,,,0b523410-d1a7-483e-8390-c326b0fa9288,,,,-9313165.7091,5205882.685
7910,20188014,Suberogerens cyclophylla,,Existing,,,No,Insufficient data to determine provenance,,Unknown,,Conservatory (Theodore and Kimberly Maged Tropical House),,,,6b9b6105-1229-4610-a190-30595403fc08,,,,-9313155.9129,5205946.0476
7911,20188015,Suberogerens cyclophylla,,Existing,,,No,Insufficient data to determine provenance,,Unknown,,Conservatory (Theodore and Kimberly Maged Tropical House),,,,ea0ab388-dcd3-48cc-8ef6-13a79efe9f26,,,,-9313155.9129,5205946.0476
7942,20188047,Medinilla sedifolia,,Existing,,5/27/2012 12:00:00 AM,No,Insufficient data to determine provenance,,Unknown,,Conservatory (Theodore and Kimberly Maged Tropical House),,,,8d08c6e1-ae1f-4b91-a379-1c5710e0c5cc,,,,-9313155.9129,5205946.0476
8022,20188130,Davallodes hirsuta,,Existing,,2/19/2004 12:00:00 AM,No,Insufficient data to determine provenance,,Unknown,,Conservatory (Theodore and Kimberly Maged Tropical House),,,,e97ade5f-c8cc-41ba-8e81-51ef291b3e40,,,,-9313155.9129,5205946.0476
8023,20188131,Microsorum musifolium 'Crocodyllus',Crocodyllus crocodile fern,Existing,,10/27/2011 12:00:00 AM,No,Insufficient data to determine provenance,,Unknown,,Conservatory (Theodore and Kimberly Maged Tropical House),,,,83adf5ae-d0ae-45e4-86f4-edd01efe4592,,,,-9313155.9129,5205946.0476
8032,20188140,Mimulus ringens,Allegheny monkeyflower,Existing,,6/11/2012 12:00:00 AM,No,Insufficient data to determine provenance,,Unknown,,Conservatory (Theodore and Kimberly Maged Tropical House),,,,c9240a27-2bb3-4486-953d-abd5f4cce53b,,,,-9313155.9129,5205946.0476
8112,20188220,Monstera adansonii V laniata,,Existing,,9/24/1984 12:00:00 AM,No,Insufficient data to determine provenance,,Unknown,,Conservatory (Theodore and Kimberly Maged Tropical House),,,,99f08e48-4c08-42e0-8adc-6301a159f5be,,,,-9313155.9129,5205946.0476
8155,20188266,Murraya paniculata,orange jessamine,Existing,,9/1/1984 12:00:00 AM,No,Insufficient data to determine provenance,,University department,University of Michigan,Conservatory (Theodore and Kimberly Maged Tropical House),,,,aa222ada-6990-40df-8e0e-2f36b4922d78,,,,-9313155.9129,5205946.0476
8158,20188270,Musa ornata,,Existing,,8/4/1972 12:00:00 AM,No,Insufficient data to determine provenance,,Botanic Garden or Arboretum,Missouri Botanical Garden,Conservatory (Theodore and Kimberly Maged Tropical House),,,,6c406c1c-a49e-4830-a9f9-3363fd948054,,,,-9313155.9129,5205946.0476
8177,20188289,Myrmecodia beccarii,,Existing,,9/15/2011 12:00:00 AM,No,Insufficient data to determine provenance,,Unknown,smooth form,Conservatory (Theodore and Kimberly Maged Tropical House),,,,aac67563-ea67-4c38-bc82-4e87c376a6de,,,,-9313155.9129,5205946.0476
8178,20188290,Myrmecodia beccarii,,Existing,,6/16/2011 12:00:00 AM,No,Insufficient data to determine provenance,,Unknown,,Conservatory (Theodore and Kimberly Maged Tropical House),,,,6a9bdc42-40f4-412f-b657-d4aadfb076de,,,,-9313155.9129,5205946.0476
8179,20188291,Myrmecodia jobiensis,,Existing,,9/15/2011 12:00:00 AM,No,Insufficient data to determine provenance,,Unknown,Irian Jaya,Conservatory (Theodore and Kimberly Maged Tropical House),,,,4e638e22-6fb6-4f1d-a72b-c11d603af12c,,,,-9313155.9129,5205946.0476
8180,20188292,Myrmecodia platytyrea,,Existing,,11/22/2011 12:00:00 AM,No,Insufficient data to determine provenance,,Unknown,"Sepik River, Papua New Guinea",Conservatory (Theodore and Kimberly Maged Tropical House),,,,024f5081-420c-4428-8708-4d1ae51609af,,,,-9313155.9129,5205946.0476
8181,20188293,Myrmecodia platytyrea,,Existing,,,No,Insufficient data to determine provenance,,Nursery or other commercial establishment,"Tropiflora #2998. Tropiflora nursery, M TROP 2998-2, 11/24/2010",Conservatory (Theodore and Kimberly Maged Tropical House),,,,44d32800-d53f-47f9-af2b-76f3b1d1ba22,,,,-9313155.9129,5205946.0476
8182,20188294,Myrmecodia platytyrea,,Existing,,,No,Insufficient data to determine provenance,,Nursery or other commercial establishment,"Form From Europe, German nursery, seed of M SP EUROPE-1, 11/24/2010",Conservatory (Theodore and Kimberly Maged Tropical House),,,,746e5699-71ab-43bf-8fcb-9f18da7a99d4,,,,-9313155.9129,5205946.0476
8183,20188295,Myrmecodia sp.,ant-plant,Existing,,6/16/2011 12:00:00 AM,No,Insufficient data to determine provenance,,Unknown,"Triton Bay,Irian Jaya",Conservatory (Theodore and Kimberly Maged Tropical House),,,,3ecf131e-a2b8-4f11-a268-7c739444feff,,,,-9313155.9129,5205946.0476
8184,20188296,Myrmecodia sp.,ant-plant,Existing,,3/24/2011 12:00:00 AM,No,Insufficient data to determine provenance,,Unknown,"from Irian Jaya, high altitude",Conservatory (Theodore and Kimberly Maged Tropical House),,,,38660133-f50e-4432-9ea0-42d01faf01a4,,,,-9313155.9129,5205946.0476
8185,20188297,Myrmecodia sp.,ant-plant,Existing,,2/15/2011 12:00:00 AM,No,Insufficient data to determine provenance,,Unknown,with pink fruit,Conservatory (Theodore and Kimberly Maged Tropical House),,,,72602b66-46e9-46a1-8acc-b889b6355732,,,,-9313155.9129,5205946.0476
8186,20188298,Myrmecodia sp.,ant-plant,Existing,,11/24/2010 12:00:00 AM,No,Insufficient data to determine provenance,,Unknown,"Sarawak, Robert Bedford, M T SARAWAK-5 and 6",Conservatory (Theodore and Kimberly Maged Tropical House),,,,cc8410cf-9fde-443d-8e8e-1026142eee18,,,,-9313155.9129,5205946.0476
8187,20188299,Myrmecodia sp.,ant-plant,Existing,,11/24/2010 12:00:00 AM,No,Insufficient data to determine provenance,,Unknown,"Philippines, Andrew Tay, M T PHILIPPINES-3",Conservatory (Theodore and Kimberly Maged Tropical House),,,,13f1a845-34b5-42f9-85bf-7b9ac319cafc,,,,-9313155.9129,5205946.0476
8188,20188300,Myrmecodia sp.,ant-plant,Existing,,11/24/2010 12:00:00 AM,No,Insufficient data to determine provenance,,Nursery or other commercial establishment,"(Pendens?) From Bali Nursery, Andrew Tay, M SP BALI-3",Conservatory (Theodore and Kimberly Maged Tropical House),,,,ff202358-9e14-41a6-95d7-011165c34f83,,,,-9313155.9129,5205946.0476
8189,20188301,Myrmecodia sp.,ant-plant,Existing,,10/27/2011 12:00:00 AM,No,Insufficient data to determine provenance,,Nursery or other commercial establishment,"SE Sulawesi, seedling from Andreas Wistuba, Nepenthes Nursery in Germany",Conservatory (Theodore and Kimberly Maged Tropical House),,,,0039348a-cc92-4e95-bcbe-f2c2c54b5a00,,,,-9313155.9129,5205946.0476
8190,20188302,Myrmecodia sp.,ant-plant,Existing,,10/27/2011 12:00:00 AM,No,Insufficient data to determine provenance,,Nursery or other commercial establishment,"Gunung Sidole (Mount Sidole) on the island of Sulawesi, seedling from Andreas Wistuba, Nepenthes Nursery in Germany",Conservatory (Theodore and Kimberly Maged Tropical House),,,,49ed3c11-53ba-4938-920d-22cc27dda678,,,,-9313155.9129,5205946.0476
8191,20188303,Myrmecodia sp.,ant-plant,Existing,,10/20/2010 12:00:00 AM,No,Insufficient data to determine provenance,,Unknown,"'Pink Fruit', Andrew Tay",Conservatory (Theodore and Kimberly Maged Tropical House),,,,9356a99c-d6ca-4e1b-a52e-a544a3c48b04,,,,-9313155.9129,5205946.0476
8192,20188304,Myrmecodia sp.,ant-plant,Existing,,1/20/2012 12:00:00 AM,No,Insufficient data to determine provenance,,Unknown,"bottle shape caudex August 7, 2010 from a grower in Singapore",Conservatory (Theodore and Kimberly Maged Tropical House),,,,1b9fdfc1-cb05-4425-8849-dfe8c713142c,,,,-9313155.9129,5205946.0476
8193,20188305,Myrmecodia tuberosa,ant-plant,Existing,,1/27/2012 12:00:00 AM,No,Insufficient data to determine provenance,,Unknown,"from near Bislig on Mindanao, Philippines June 3, 2006 from a grower in Singapore",Conservatory (Theodore and Kimberly Maged Tropical House),,,,7e5a3b64-39ea-4988-8b7f-ee655fdf71d5,,,,-9313155.9129,5205946.0476
8194,20188306,Myrmecodia tuberosa,ant-plant,Existing,,,No,Insufficient data to determine provenance,,Botanic Garden or Arboretum,"'Dahlii', Atlanta Botanical Gardens 1990-1042, seeds of M WL NEW BRIT-3, 11/24/2010",Conservatory (Theodore and Kimberly Maged Tropical House),,,,864d7c11-f92c-420f-b90f-aa640194e1f5,,,,-9313155.9129,5205946.0476
8195,20188307,Myrmecodia tuberosa,ant-plant,Existing,,,No,Insufficient data to determine provenance,,Botanic Garden or Arboretum,"'Armata' , Atlanta Botanical Gardens 1990-1053, M T MALAYA-3, 11/24/2010",Conservatory (Theodore and Kimberly Maged Tropical House),,,,c3090857-d74f-4bdb-bbbe-36b5853e0baf,,,,-9313155.9129,5205946.0476
8196,20188308,Myrmecodia tuberosa,ant-plant,Existing,,,No,Insufficient data to determine provenance,,Unknown,"An Eastern Variety, 11/2/2010",Conservatory (Theodore and Kimberly Maged Tropical House),,,,438b94eb-31fa-4a54-8d0a-f495b3b3b444,,,,-9313155.9129,5205946.0476
8197,20188309,Myrmecodia tuberosa,ant-plant,Existing,,,No,Insufficient data to determine provenance,,Unknown,11/2/2010,Conservatory (Theodore and Kimberly Maged Tropical House),,,,ad6e0566-90f3-40b2-928e-f13906ea0911,,,,-9313155.9129,5205946.0476
8198,20188310,Myrmecodia tuberosa,ant-plant,Existing,,,No,Insufficient data to determine provenance,,Unknown,10/20/2010,Conservatory (Theodore and Kimberly Maged Tropical House),,,,e8081412-c0e6-40fb-90ea-dfff48c23fd2,,,,-9313155.9129,5205946.0476
8199,20188311,Myrmecodia tuberosa 'Papuana',,Existing,,6/16/2011 12:00:00 AM,No,Insufficient data to determine provenance,,Unknown,,Conservatory (Theodore and Kimberly Maged Tropical House),,,,83c2f052-353d-4eb1-947b-d1dfe95cade1,,,,-9313155.9129,5205946.0476
8200,20188312,Myrmecodia tuberosa 'Sibuyanensis',,Existing,,9/15/2011 12:00:00 AM,No,Insufficient data to determine provenance,,Unknown,,Conservatory (Theodore and Kimberly Maged Tropical House),,,,e72214e5-0c8f-4466-9430-9e2741967bcf,,,,-9313155.9129,5205946.0476
8203,20188315,Lecanopteris sinuosa,ant-fern,Existing,,3/31/2011 12:00:00 AM,No,Insufficient data to determine provenance,,Unknown,,Conservatory (Theodore and Kimberly Maged Tropical House),,,,41908f72-3e69-4a53-8a7e-7cd011521451,,,,-9313155.9129,5205946.0476
8204,20188316,Lecanopteris lomarioides,ant-fern,Existing,,11/24/2010 12:00:00 AM,No,Insufficient data to determine provenance,,Nursery or other commercial establishment,Wistuba,Conservatory (Theodore and Kimberly Maged Tropical House),,,,4dc5855e-c95f-45e0-9fd1-0a243ac3245d,,,,-9313155.9129,5205946.0476
8205,20188317,Lecanopteris mirabilis,ant-fern,Existing,,6/16/2011 12:00:00 AM,No,Insufficient data to determine provenance,,Unknown,,Conservatory (Theodore and Kimberly Maged Tropical House),,,,d12856be-8b5b-4189-89df-f8a2af2d8122,,,,-9313155.9129,5205946.0476
8206,20188318,Lecanopteris mirabilis,ant-fern,Existing,,11/24/2010 12:00:00 AM,No,Insufficient data to determine provenance,,Nursery or other commercial establishment,Wistuba,Conservatory (Theodore and Kimberly Maged Tropical House),,,,b7a7e90b-8cfa-4d78-b54d-77bc95a38464,,,,-9313155.9129,5205946.0476
8207,20188319,Myrmephytum beccarii,,Existing,,9/15/2011 12:00:00 AM,No,Insufficient data to determine provenance,,Unknown,,Conservatory (Theodore and Kimberly Maged Tropical House),,,,04a97fef-c50d-427c-bc1e-94e2fc983c7c,,,,-9313155.9129,5205946.0476
8222,20188336,Nandina domestica 'Nana Purpurea',sacred bamboo,Existing,,11/2/1993 12:00:00 AM,No,Insufficient data to determine provenance,,Nursery or other commercial establishment,Monrovia Nursery Co.,Conservatory (Temperate House),,,,f94f1c42-bf6f-49b8-8f0b-b104bbf051fe,,,,-9313161.8128,5205906.3142
8231,20188346,Neoregelia ampullacea,,Existing,,6/1/1987 12:00:00 AM,No,Insufficient data to determine provenance,,Unknown,,Conservatory (Theodore and Kimberly Maged Tropical House),,,,a93b38ce-b8ce-40ce-ba7a-9707f0857e5a,,,,-9313155.9129,5205946.0476
8235,20188350,Neoregelia 'Bird Rock',neoregelia,Existing,,3/30/2012 12:00:00 AM,No,Insufficient data to determine provenance,,Unknown,,Conservatory (Theodore and Kimberly Maged Tropical House),,,,9dac8cf8-0689-4daf-8870-ac4d94a17258,,,,-9313155.9129,5205946.0476
8236,20188351,Neoregelia 'Burnsie's Spiral',neoregelia,Existing,,3/30/2012 12:00:00 AM,No,Insufficient data to determine provenance,,Unknown,,Conservatory (Theodore and Kimberly Maged Tropical House),,,,01d063f6-1e19-4bfc-9a32-4520fb456621,,,,-9313155.9129,5205946.0476
8237,20188352,Neoregelia carcharodon,,Existing,,3/30/2012 12:00:00 AM,No,Insufficient data to determine provenance,,Unknown,,Conservatory (Theodore and Kimberly Maged Tropical House),,,,5b124ae8-5b1f-452c-9680-8a3cd2faaf53,,,,-9313155.9129,5205946.0476
8238,20188353,Neoregelia carcharodon,,Existing,,3/30/2012 12:00:00 AM,No,Insufficient data to determine provenance,,Unknown,,Conservatory (Theodore and Kimberly Maged Tropical House),,,,d600d701-9a4d-43b0-82c1-58efb420923a,,,,-9313155.9129,5205946.0476
8239,20188354,Neoregelia carcharodon,,Existing,,3/30/2012 12:00:00 AM,No,Insufficient data to determine provenance,,Unknown,,Conservatory (Theodore and Kimberly Maged Tropical House),,,,e40e0c4a-1a7c-4f85-9fcb-8b76705e40d7,,,,-9313155.9129,5205946.0476
8240,20188355,Neoregelia carolinae,neoregelia,Existing,,3/30/2012 12:00:00 AM,No,Insufficient data to determine provenance,,Unknown,,Conservatory (Theodore and Kimberly Maged Tropical House),,,,df5614b7-8568-4d89-b083-fc3671583ec1,,,,-9313155.9129,5205946.0476
8241,20188356,Neoregelia carolinae,neoregelia,Existing,,3/30/2012 12:00:00 AM,No,Insufficient data to determine provenance,,Unknown,,Conservatory (Theodore and Kimberly Maged Tropical House),,,,5c9df857-f69f-4fad-af1f-59c425b704af,,,,-9313155.9129,5205946.0476
8242,20188357,Neoregelia carolinae,neoregelia,Existing,,3/30/2012 12:00:00 AM,No,Insufficient data to determine provenance,,Unknown,,Conservatory (Theodore and Kimberly Maged Tropical House),,,,3a82f6d8-151a-4701-9aeb-00972b46bea7,,,,-9313155.9129,5205946.0476
8243,20188358,Neoregelia carolinae,neoregelia,Existing,,3/30/2012 12:00:00 AM,No,Insufficient data to determine provenance,,Unknown,,Conservatory (Theodore and Kimberly Maged Tropical House),,,,f61104b6-5ae1-430a-b809-41ef5402f2e7,,,,-9313155.9129,5205946.0476
8247,20188362,Neoregelia carolinae 'Meyendorffii',,Existing,,2/6/2012 12:00:00 AM,No,Insufficient data to determine provenance,,Unknown,,Conservatory (Theodore and Kimberly Maged Tropical House),,,,76a6279d-e6de-4486-a541-31bd76e13762,,,,-9313155.9129,5205946.0476
8248,20188363,Neoregelia 'Caroline Tricolor',Caroline Tricolor neoregelia,Existing,,2/6/2012 12:00:00 AM,No,Insufficient data to determine provenance,,Unknown,,Conservatory (Theodore and Kimberly Maged Tropical House),,,,bb23841d-428e-4eff-a6a1-1aa2d9ddb162,,,,-9313155.9129,5205946.0476
8250,20188365,Neoregelia 'Carousel',neoregelia,Existing,,3/30/2012 12:00:00 AM,No,Insufficient data to determine provenance,,Unknown,,Conservatory (Theodore and Kimberly Maged Tropical House),,,,3d0e6df3-c9ab-441b-b5d5-ed862e119b4c,,,,-9313155.9129,5205946.0476
8257,20188372,Neoregelia × cyanea x 'Charm',,Existing,,2/6/2012 12:00:00 AM,No,Insufficient data to determine provenance,,Unknown,,Conservatory (Theodore and Kimberly Maged Tropical House),,,,4bc5cca7-ae3a-4bc7-95f8-5e3c2a55ffbe,,,,-9313155.9129,5205946.0476
8259,20188374,Neoregelia 'Dots & Spots',neoregelia,Existing,,,No,Insufficient data to determine provenance,,Unknown,,Conservatory (Theodore and Kimberly Maged Tropical House),,,,7867e4ec-0c9f-4b43-98a1-4c2014f526bd,,,,-9313155.9129,5205946.0476
8266,20188381,,,Existing,,3/30/2012 12:00:00 AM,No,Insufficient data to determine provenance,,Unknown,,Conservatory (Theodore and Kimberly Maged Tropical House),,,,60eeefe5-1030-41a5-9a43-b1b3c925345d,,,,-9313155.9129,5205946.0476
8267,20188382,Neoregelia 'Hojo Rojo',Hojo Rojo neoregelia,Existing,,2/6/2012 12:00:00 AM,No,Insufficient data to determine provenance,,Unknown,,Conservatory (Theodore and Kimberly Maged Tropical House),,,,392d6626-1d22-4ee3-928e-f243f8be74d8,,,,-9313155.9129,5205946.0476
8268,20188383,Neoregelia 'Kahala Dawn',Kahala Dawn neoregelia,Existing,,3/30/2012 12:00:00 AM,No,Insufficient data to determine provenance,,Unknown,,Conservatory (Theodore and Kimberly Maged Tropical House),,,,ea08feed-5749-49f2-b314-732a14686fe9,,,,-9313155.9129,5205946.0476
8269,20188384,Neoregelia kautskyi,,Existing,,2/6/2012 12:00:00 AM,No,Insufficient data to determine provenance,,Unknown,,Conservatory (Theodore and Kimberly Maged Tropical House),,,,c4943034-df7b-4036-8bfc-09d3465dcc0f,,,,-9313155.9129,5205946.0476
8270,20188385,Neoregelia 'King Kamehameha',neoregelia,Existing,,2/6/2012 12:00:00 AM,No,Insufficient data to determine provenance,,Unknown,,Conservatory (Theodore and Kimberly Maged Tropical House),,,,60d02427-a9d5-4e86-be05-5969764e21e1,,,,-9313155.9129,5205946.0476
8271,20188386,Neoregelia laevis,,Existing,,2/6/2012 12:00:00 AM,No,Insufficient data to determine provenance,,Unknown,,Conservatory (Theodore and Kimberly Maged Tropical House),,,,6d6702d1-51bb-44aa-a50b-4ddc369a42b6,,,,-9313155.9129,5205946.0476
8273,20188388,Neoregelia 'Maggie's Pride',Maggie's Pride neoregelia,Existing,,3/30/2012 12:00:00 AM,No,Insufficient data to determine provenance,,Unknown,,Conservatory (Theodore and Kimberly Maged Tropical House),,,,922a9ef7-a8c4-4d80-b050-2f12804a653e,,,,-9313155.9129,5205946.0476
8276,20188391,Neoregelia marmorata,,Existing,,2/6/2012 12:00:00 AM,No,Insufficient data to determine provenance,,Unknown,,Conservatory (Theodore and Kimberly Maged Tropical House),,,,ecaeaed5-d24e-491f-83f3-67847217b94d,,,,-9313155.9129,5205946.0476
8277,20188392,Neoregelia melanodonta,,Existing,,3/30/2012 12:00:00 AM,No,Insufficient data to determine provenance,,Unknown,,Conservatory (Theodore and Kimberly Maged Tropical House),,,,0bca0a8b-5f1a-47c9-8d6a-3d37e30c370f,,,,-9313155.9129,5205946.0476
8278,20188393,Neoregelia melanodonta,,Existing,,3/30/2012 12:00:00 AM,No,Insufficient data to determine provenance,,Unknown,,Conservatory (Theodore and Kimberly Maged Tropical House),,,,04aa9364-a86b-4de5-944e-c3142a73155f,,,,-9313155.9129,5205946.0476
8279,20188394,Neoregelia melanodonta,,Existing,,3/30/2012 12:00:00 AM,No,Insufficient data to determine provenance,,Unknown,,Conservatory (Theodore and Kimberly Maged Tropical House),,,,40bd2240-0ddc-4ad2-8986-a7aadb76299f,,,,-9313155.9129,5205946.0476
8280,20188395,Neoregelia 'Michi',neoregelia,Existing,,3/30/2012 12:00:00 AM,No,Insufficient data to determine provenance,,Unknown,,Conservatory (Theodore and Kimberly Maged Tropical House),,,,fd0d2ba4-60b3-4a13-aa67-61bd4136d4e7,,,,-9313155.9129,5205946.0476
8287,20188403,Neoregelia oligantha,,Existing,,2/6/2012 12:00:00 AM,No,Insufficient data to determine provenance,,Unknown,,Conservatory (Theodore and Kimberly Maged Tropical House),,,,379322cf-5eef-43aa-8691-dc0b1d971c5d,,,,-9313155.9129,5205946.0476
8288,20188404,Neoregelia 'Painted Delight',Painted Delight neoregelia,Existing,,3/30/2012 12:00:00 AM,No,Insufficient data to determine provenance,,Unknown,,Conservatory (Theodore and Kimberly Maged Tropical House),,,,9099e045-1539-4e9f-8e9d-16783b929229,,,,-9313155.9129,5205946.0476
8290,20188406,Neoregelia 'Puerto Rico',neoregelia,Existing,,3/30/2012 12:00:00 AM,No,Insufficient data to determine provenance,,Unknown,,Conservatory (Theodore and Kimberly Maged Tropical House),,,,5fcd2b24-bafa-4682-8484-e6ffdf7a16c4,,,,-9313155.9129,5205946.0476
8291,20188407,Neoregelia 'Royal Burgundy',neoregelia,Existing,,3/30/2012 12:00:00 AM,No,Insufficient data to determine provenance,,Unknown,,Conservatory (Theodore and Kimberly Maged Tropical House),,,,ee8efbdd-05f1-4950-8ae6-1d559fbc0d77,,,,-9313155.9129,5205946.0476
8292,20188408,Neoregelia 'Royal Cordovan',neoregelia,Existing,,2/6/2012 12:00:00 AM,No,Insufficient data to determine provenance,,Unknown,,Conservatory (Theodore and Kimberly Maged Tropical House),,,,f049b95f-02a6-4011-a36e-205bc0d18a43,,,,-9313155.9129,5205946.0476
8293,20188409,Neoregelia smithii,,Existing,,3/30/2012 12:00:00 AM,No,Insufficient data to determine provenance,,Unknown,,Conservatory (Theodore and Kimberly Maged Tropical House),,,,9b5bc60e-c25b-4661-aa3b-b7377f1eff3e,,,,-9313155.9129,5205946.0476
8308,20188424,Neoregelia spectabilis,,Existing,,3/30/2012 12:00:00 AM,No,Insufficient data to determine provenance,,Unknown,,Conservatory (Theodore and Kimberly Maged Tropical House),,,,30b20a76-4788-4740-ac06-c782d9755edd,,,,-9313155.9129,5205946.0476
8309,20188425,Neoregelia spectabilis,,Existing,,3/30/2012 12:00:00 AM,No,Insufficient data to determine provenance,,Unknown,,Conservatory (Theodore and Kimberly Maged Tropical House),,,,463a2823-da5d-4d13-9c17-b24494918ce1,,,,-9313155.9129,5205946.0476
8310,20188426,Neoregelia spectabilis,,Existing,,3/30/2012 12:00:00 AM,No,Insufficient data to determine provenance,,Unknown,,Conservatory (Theodore and Kimberly Maged Tropical House),,,,7f273551-c901-4746-8545-fb6634f711a5,,,,-9313155.9129,5205946.0476
8311,20188427,Neoregelia 'Spots 'n Dots',neoregelia,Existing,,2/6/2012 12:00:00 AM,No,Insufficient data to determine provenance,,Unknown,,Conservatory (Theodore and Kimberly Maged Tropical House),,,,476ff12b-949d-41b3-b0d4-ca4158b8f28e,,,,-9313155.9129,5205946.0476
8333,20188449,Nephrolepis biserrata,giant swordfern,Existing,,1/1/2000 12:00:00 AM,No,Insufficient data to determine provenance,,Unknown,,Conservatory (Theodore and Kimberly Maged Tropical House),,,,10370725-d002-46da-a9be-ceb5799517bb,,,,-9313155.9129,5205946.0476
8334,20188450,Nephrolepis exaltata,Boston sword fern,Existing,,1/1/2000 12:00:00 AM,No,Insufficient data to determine provenance,,Unknown,,Conservatory (Theodore and Kimberly Maged Tropical House),,,,38724d86-b8f1-4f81-ae4f-6e091a1ee9bc,,,,-9313155.9129,5205946.0476
8335,20188451,Nephrolepis exaltata,Boston sword fern,Existing,,6/11/2012 12:00:00 AM,No,Insufficient data to determine provenance,,Unknown,'Bostoniensis' fluffy ruffles,Conservatory (Theodore and Kimberly Maged Tropical House),,,,3bd41e18-7491-44e9-b5aa-ab5139434c08,,,,-9313155.9129,5205946.0476
8369,20188485,Nidularium innocentii,,Existing,,2/6/2012 12:00:00 AM,No,Insufficient data to determine provenance,,Unknown,,Conservatory (Theodore and Kimberly Maged Tropical House),,,,775f1e93-9d90-4cb5-a44e-0a0534d88285,,,,-9313155.9129,5205946.0476
8377,20188493,Nidularium purpureum,,Existing,,2/6/2012 12:00:00 AM,No,Insufficient data to determine provenance,,Unknown,,Conservatory (Theodore and Kimberly Maged Tropical House),,,,56cd2798-989d-40ea-8a75-ffc9b8fa8940,,,,-9313155.9129,5205946.0476
8378,20188494,Nidularium retilans,,Existing,,2/6/2012 12:00:00 AM,No,Insufficient data to determine provenance,,Unknown,,Conservatory (Theodore and Kimberly Maged Tropical House),,,,d39689e5-c648-47b7-ac30-d4219de2c9ea,,,,-9313155.9129,5205946.0476
8389,20188505,Nolina microcarpa,sacahuista,Existing,,3/1/1934 12:00:00 AM,No,Insufficient data to determine provenance,,Botanic Garden or Arboretum,Lexington Botanical Garden,Conservatory (Arid House),,,,92652e17-9ae5-426f-9bd4-e6827782938c,,,,-9313165.7091,5205882.685
8393,20188509,Nymphoides indica,water snowflake,Existing,,3/4/1992 12:00:00 AM,No,Insufficient data to determine provenance,,Unknown,,Conservatory (Theodore and Kimberly Maged Tropical House),,,,54da1453-6d71-48bb-ae96-05aee1fb1359,,,,-9313155.9129,5205946.0476
8406,20188522,Ochna multiflora,,Existing,,6/26/1931 12:00:00 AM,No,Insufficient data to determine provenance,,University department,Smith College,Conservatory (Theodore and Kimberly Maged Tropical House),,,,84ab64f2-22b8-4dd1-a47b-f3292c3042c2,,,,-9313155.9129,5205946.0476
8468,20188585,Ophiopogon japonicus,dwarf lilyturf,Existing,,6/27/2000 12:00:00 AM,No,Insufficient data to determine provenance,,Nursery or other commercial establishment,Classic Groundcovers,Conservatory (Temperate House),,,,96785d0e-3b74-40dc-a829-70435bd43361,,,,-9313161.8128,5205906.3142
8501,20188620,Orthophytum saxicola,,Existing,,3/30/2012 12:00:00 AM,No,Insufficient data to determine provenance,,Unknown,,Conservatory (Theodore and Kimberly Maged Tropical House),,,,5b34f70e-a1c8-4533-ae3a-6b8e390f1f5f,,,,-9313155.9129,5205946.0476
8502,20188621,Orthophytum saxicola,,Existing,,3/30/2012 12:00:00 AM,No,Insufficient data to determine provenance,,Unknown,,Conservatory (Theodore and Kimberly Maged Tropical House),,,,2284e719-1328-4ffc-830c-5c863dbc34f0,,,,-9313155.9129,5205946.0476
8503,20188622,Orthophytum saxicola,,Existing,,3/30/2012 12:00:00 AM,No,Insufficient data to determine provenance,,Unknown,,Conservatory (Theodore and Kimberly Maged Tropical House),,,,002178fb-1741-4397-8e67-62e2faa648bb,,,,-9313155.9129,5205946.0476
8504,20188623,Orthophytum saxicola,,Existing,,3/30/2012 12:00:00 AM,No,Insufficient data to determine provenance,,Unknown,,Conservatory (Theodore and Kimberly Maged Tropical House),,,,52616997-5754-4975-a459-7852920fe307,,,,-9313155.9129,5205946.0476
8507,20188626,Oryza sativa,rice,Existing,,9/10/1976 12:00:00 AM,No,Insufficient data to determine provenance,,Unknown,,Conservatory (Theodore and Kimberly Maged Tropical House),,,,e3d8e154-dbda-4eb6-8440-6e60581c839b,,,,-9313155.9129,5205946.0476
8594,20188715,Pachira aquatica,water chestnut,Existing,,4/30/2003 12:00:00 AM,No,Insufficient data to determine provenance,,University department,University of Michigan,Conservatory (Theodore and Kimberly Maged Tropical House),,,,df2a5c05-ea5d-45ad-a12d-9f2e2749b657,,,,-9313155.9129,5205946.0476
8596,20188717,Pachira glabra,,Existing,,7/12/1993 12:00:00 AM,No,Insufficient data to determine provenance,,Unknown,,Conservatory (Theodore and Kimberly Maged Tropical House),,,,df995a69-edcc-4252-9a49-6958573cd8e0,,,,-9313155.9129,5205946.0476
8597,20188718,Pachycentria glauca,,Existing,,3/22/2012 12:00:00 AM,No,Insufficient data to determine provenance,,Botanic Garden or Arboretum,from the Huntington Botanical Garden,Conservatory (Theodore and Kimberly Maged Tropical House),,,,e70767bc-65b4-4f31-8f14-cfe9dbb9452f,,,,-9313155.9129,5205946.0476
8598,20188719,Pachycentria glauca V maingayi,,Existing,,3/22/2012 12:00:00 AM,No,Insufficient data to determine provenance,,Botanic Garden or Arboretum,from the Huntington Botanical Garden,Conservatory (Theodore and Kimberly Maged Tropical House),,,,b4b4842f-0ab1-44bb-86ea-c6a88794cb3b,,,,-9313155.9129,5205946.0476
8600,20188721,Pachypodium brevicaule,,Existing,,,No,Insufficient data to determine provenance,,Unknown,,Conservatory (Theodore and Kimberly Maged Tropical House),,,,ec00294d-4bbe-40a3-81b0-5e80c55668c8,,,,-9313155.9129,5205946.0476
8601,20188722,Pachypodium densiflorum,,Existing,,12/1/1985 12:00:00 AM,No,Insufficient data to determine provenance,,Unknown,,Conservatory (Arid House),,,,76d765bd-18fe-4943-b7e2-f338d0d60026,,,,-9313165.7091,5205882.685
8608,20188729,Pachystachys lutea,lollipop-plant,Existing,,11/6/1974 12:00:00 AM,No,Insufficient data to determine provenance,,Nursery or other commercial establishment,L. Easterbrook Greenhouses,Conservatory (Theodore and Kimberly Maged Tropical House),,,,ff66c5db-9294-4905-a267-f16e94cf54a5,,,,-9313155.9129,5205946.0476
9333,201810126,Passiflora caerulea,bluecrown passionflower,Existing,,9/24/1984 12:00:00 AM,No,Insufficient data to determine provenance,,Unknown,,Conservatory (Theodore and Kimberly Maged Tropical House),,,,1a490d9d-bf94-42dd-968d-bb7dd6b13e3c,,,,-9313155.9129,5205946.0476
9338,201810132,Pavonia candida,,Existing,,5/20/1998 12:00:00 AM,No,Insufficient data to determine provenance,,Unknown,,Conservatory (Theodore and Kimberly Maged Tropical House),,,,fb844085-5b23-428c-99ef-41e83f34fbfa,,,,-9313155.9129,5205946.0476
9367,201810161,Hemionitis rotundifolia,button fern,Existing,,4/2/2003 12:00:00 AM,No,Insufficient data to determine provenance,,Nursery or other commercial establishment,Goldner Walsh Nursery,Conservatory (Theodore and Kimberly Maged Tropical House),,,,c1ede07f-222f-4caa-b889-d2082dcd66a8,,,,-9313155.9129,5205946.0476
9368,201810162,Procris repens,"rainbow vine, trailing watermelon begonia",Existing,,9/24/1984 12:00:00 AM,No,Insufficient data to determine provenance,,Unknown,,Conservatory (Theodore and Kimberly Maged Tropical House),,,,2261d9bd-2de0-4fe6-99b2-b4a94f1bceea,,,,-9313155.9129,5205946.0476
9369,201810163,Procris repens,"rainbow vine, trailing watermelon begonia",Existing,,2/13/2004 12:00:00 AM,No,Insufficient data to determine provenance,,Unknown,,Conservatory (Theodore and Kimberly Maged Tropical House),,,,cfbac4df-c85c-45dd-834b-8f9c89c96469,,,,-9313155.9129,5205946.0476
9431,201810225,Peperomia argyreia,,Existing,,6/3/1998 12:00:00 AM,No,Insufficient data to determine provenance,,Unknown,,Conservatory (Theodore and Kimberly Maged Tropical House),,,,f468d3d0-8753-4e75-b6d5-8352f50dc02a,,,,-9313155.9129,5205946.0476
9432,201810226,Peperomia argyreia,,Existing,,9/15/2011 12:00:00 AM,No,Insufficient data to determine provenance,,Unknown,Watermelon Peperomia,Conservatory (Theodore and Kimberly Maged Tropical House),,,,6fe7f8e1-4c7c-49aa-9978-5a70eafafd70,,,,-9313155.9129,5205946.0476
9433,201810227,Peperomia glabella,cypress peperomia,Existing,,3/17/2003 12:00:00 AM,No,Insufficient data to determine provenance,,Nursery or other commercial establishment,North Carolina Farms Inc.,Conservatory (Theodore and Kimberly Maged Tropical House),,,,27b557b8-41f6-4bc3-bbf4-787e0a74e96e,,,,-9313155.9129,5205946.0476
9434,201810228,Peperomia hoffmannii,,Existing,,5/27/2012 12:00:00 AM,No,Insufficient data to determine provenance,,Unknown,,Conservatory (Theodore and Kimberly Maged Tropical House),,,,fba43388-df90-468d-a2b2-cbb6e67844c2,,,,-9313155.9129,5205946.0476
9435,201810229,Peperomia incana,,Existing,,9/24/1984 12:00:00 AM,No,Insufficient data to determine provenance,,Unknown,,Conservatory (Theodore and Kimberly Maged Tropical House),,,,9cf593d7-ad28-4c71-846e-df659cf1170b,,,,-9313155.9129,5205946.0476
9436,201810230,Peperomia metallica,,Existing,,4/2/2003 12:00:00 AM,No,Insufficient data to determine provenance,,Nursery or other commercial establishment,Goldner Walsh Nursery,Conservatory (Theodore and Kimberly Maged Tropical House),,,,135eacb6-d81d-47ed-a8c5-7aa47712c167,,,,-9313155.9129,5205946.0476
9437,201810232,Peperomia pseudovariegata,,Existing,,5/14/1998 12:00:00 AM,No,Insufficient data to determine provenance,,Unknown,,Conservatory (Theodore and Kimberly Maged Tropical House),,,,e004f051-a5e5-487d-b1cd-d4287baf9a09,,,,-9313155.9129,5205946.0476
9438,201810233,Peperomia 'Red Ripple',peperomia,Existing,,9/1/1984 12:00:00 AM,No,Insufficient data to determine provenance,,University department,University of Michigan,Conservatory (Theodore and Kimberly Maged Tropical House),,,,44de18c3-c55d-490f-8336-a6bc0eece9ca,,,,-9313155.9129,5205946.0476
9439,201810234,Peperomia rotundifolia,yerba linda,Existing,,6/18/2012 12:00:00 AM,No,Insufficient data to determine provenance,,Unknown,,Conservatory (Theodore and Kimberly Maged Tropical House),,,,41eb80d8-a77e-426c-853a-65e90b83af62,,,,-9313155.9129,5205946.0476
9440,201810235,Peperomia,peperomia,Existing,,6/23/2011 12:00:00 AM,No,Insufficient data to determine provenance,,Unknown,Costa Rica - creeping epiphyte,Conservatory (Theodore and Kimberly Maged Tropical House),,,,8681ba27-692e-4680-b45a-5d2ad754c544,,,,-9313155.9129,5205946.0476
9441,201810236,Peperomia,peperomia,Existing,,6/18/2012 12:00:00 AM,No,Insufficient data to determine provenance,,Unknown,"creeping epiphyte, Costa Rica",Conservatory (Theodore and Kimberly Maged Tropical House),,,,dadc5bab-ec55-40e7-bc47-42fcf20e85e9,,,,-9313155.9129,5205946.0476
9442,201810237,Peperomia rotundifolia,yerba linda,Existing,,5/27/2012 12:00:00 AM,No,Insufficient data to determine provenance,,Unknown,,Conservatory (Theodore and Kimberly Maged Tropical House),,,,26ae3182-a7ae-4785-a3b2-3f88e5b04ac6,,,,-9313155.9129,5205946.0476
9460,201810255,Petrocosmea 'Keystone's Bantam',,Existing,,6/11/2012 12:00:00 AM,No,Insufficient data to determine provenance,,Unknown,,Conservatory (Theodore and Kimberly Maged Tropical House),,,,392ef2fb-78d5-42b0-b435-ca50aa8fbb20,,,,-9313155.9129,5205946.0476
9499,201810294,Phalaenopsis equestris,,Existing,,10/13/2011 12:00:00 AM,No,Insufficient data to determine provenance,,Unknown,white,Conservatory (Theodore and Kimberly Maged Tropical House),,,,3d0efca8-cb28-4acf-a9ad-9db50acb98b1,,,,-9313155.9129,5205946.0476
9500,201810295,Phalaenopsis equestris,,Existing,,,No,Insufficient data to determine provenance,,Unknown,,Conservatory (Theodore and Kimberly Maged Tropical House),,,,30f82538-d934-404c-8587-677fe6493a51,,,,-9313155.9129,5205946.0476
9519,201810314,Phalaenopsis mannii,,Existing,,10/13/2011 12:00:00 AM,No,Insufficient data to determine provenance,,Unknown,,Conservatory (Theodore and Kimberly Maged Tropical House),,,,b09ef3d3-9d1c-4f6f-be79-3c20ba954e8d,,,,-9313155.9129,5205946.0476
9521,201810316,Phalaenopsis mariae,,Existing,,4/23/2012 12:00:00 AM,No,Insufficient data to determine provenance,,Unknown,fragrant,Conservatory (Theodore and Kimberly Maged Tropical House),,,,5b4b6476-1262-426f-8c1b-e92fafbdac8c,,,,-9313155.9129,5205946.0476
9523,201810318,Phalaenopsis Mini Mark,,Existing,,10/13/2011 12:00:00 AM,No,Insufficient data to determine provenance,,Unknown,,Conservatory (Theodore and Kimberly Maged Tropical House),,,,2ba57504-3c3f-4be0-bd1f-d90b7c3f75fe,,,,-9313155.9129,5205946.0476
9525,201810320,Phalaenopsis parishii,,Existing,,7/19/2012 12:00:00 AM,No,Insufficient data to determine provenance,,Unknown,3 seedlings,Conservatory (Theodore and Kimberly Maged Tropical House),,,,22d50494-3f60-4330-a950-102d9431d4c2,,,,-9313155.9129,5205946.0476
9606,201810401,Philodendron 'Autumn',philodendron,Existing,,4/21/2003 12:00:00 AM,No,Insufficient data to determine provenance,,Nursery or other commercial establishment,Goldner Walsh Nursery,Conservatory (Theodore and Kimberly Maged Tropical House),,,,8a4e3410-39e5-43f6-8a9a-47ae78a0cfd8,,,,-9313155.9129,5205946.0476
9607,201810402,Philodendron bipinnatifidum,lacy tree philodendron,Existing,,4/30/2003 12:00:00 AM,No,Insufficient data to determine provenance,,University department,University of Michigan,Conservatory (Theodore and Kimberly Maged Tropical House),,,,b90061aa-bdf2-490f-8917-ae075b68a7fd,,,,-9313155.9129,5205946.0476
9608,201810403,Philodendron bipinnatifidum,lacy tree philodendron,Existing,,1/8/2003 12:00:00 AM,No,Insufficient data to determine provenance,,Nursery or other commercial establishment,Saguaro Nursery,Conservatory (Theodore and Kimberly Maged Tropical House),,,,b3a92022-556b-46f7-9166-90c510d87c22,,,,-9313155.9129,5205946.0476
9609,201810404,Philodendron hederaceum,vilevine,Existing,,8/10/1960 12:00:00 AM,No,Insufficient data to determine provenance,,Unknown,,Conservatory (Theodore and Kimberly Maged Tropical House),,,,bba5a081-dcbe-4861-8ec0-b976c0e5d9c8,,,,-9313155.9129,5205946.0476
9610,201810409,Phlebodium aureum,golden polypody,Existing,,2/19/2004 12:00:00 AM,No,Insufficient data to determine provenance,,Unknown,,Conservatory (Theodore and Kimberly Maged Tropical House),,,,9c77d8ee-71ee-4a1a-9db3-5e319df940f5,,,,-9313155.9129,5205946.0476
9716,201810517,Phyllostachys nigra,black bamboo,Existing,,2/21/1985 12:00:00 AM,No,Insufficient data to determine provenance,,University department,University of Michigan,Conservatory (Temperate House),,,,075694eb-664c-4a73-9371-5feafe28309e,,,,-9313161.8128,5205906.3142
9718,201810519,Phymatosorus grossus,musk fern,Existing,,2/19/2004 12:00:00 AM,No,Insufficient data to determine provenance,,Unknown,,Conservatory (Theodore and Kimberly Maged Tropical House),,,,df3e5ca4-3737-431e-b078-4f1ab88e037a,,,,-9313155.9129,5205946.0476
9942,201810743,Pilea cadierei,aluminum plant,Existing,,10/1/1986 12:00:00 AM,No,Insufficient data to determine provenance,,Unknown,,Conservatory (Theodore and Kimberly Maged Tropical House),,,,c5d5f0a3-1f00-4da4-9a12-c63e0fe3639a,,,,-9313155.9129,5205946.0476
9943,201810744,Pilea grandis,,Existing,,8/5/1974 12:00:00 AM,No,Insufficient data to determine provenance,,Botanic Garden or Arboretum,Kingwood Center,Conservatory (Theodore and Kimberly Maged Tropical House),,,,345433e0-c632-4a25-b98b-ca77fd4aeea5,,,,-9313155.9129,5205946.0476
9968,201810769,Pinguicula moranensis,,Existing,,6/12/2003 12:00:00 AM,No,Insufficient data to determine provenance,,Unknown,,Conservatory (Temperate House),,,,109b7519-09e7-4905-b9d3-63c8d57c8c50,,,,-9313161.8128,5205906.3142
9970,201810771,Pinguicula moctezumae,,Existing,,11/22/2011 12:00:00 AM,No,Insufficient data to determine provenance,,Unknown,,Conservatory (Theodore and Kimberly Maged Tropical House),,,,4a1aa36d-3cd2-424d-a01e-b0fb8f534f31,,,,-9313155.9129,5205946.0476
10284,201811085,Piper magnificum,laquered pepper,Existing,,10/11/1977 12:00:00 AM,No,Insufficient data to determine provenance,,Nursery or other commercial establishment,Longwood Gardens,Conservatory (Theodore and Kimberly Maged Tropical House),,,,6924894f-efff-48b9-a5c7-70d9bff6e87a,,,,-9313155.9129,5205946.0476
10285,201811086,Piper nigrum,black pepper,Existing,,1/1/1917 12:00:00 AM,No,Insufficient data to determine provenance,,Unknown,Lincoln Park,Conservatory (Theodore and Kimberly Maged Tropical House),,,,7c3f94ac-96ee-46fb-a0b5-95a6602b8104,,,,-9313155.9129,5205946.0476
10289,201811090,Pitcairnia flammea,flame bromeliad,Existing,,3/30/2012 12:00:00 AM,No,Insufficient data to determine provenance,,Unknown,,Conservatory (Theodore and Kimberly Maged Tropical House),,,,c4a4099e-2ea6-475a-936e-68541d50a905,,,,-9313155.9129,5205946.0476
10290,201811091,Pitcairnia flammea,flame bromeliad,Existing,,3/30/2012 12:00:00 AM,No,Insufficient data to determine provenance,,Unknown,,Conservatory (Theodore and Kimberly Maged Tropical House),,,,c00302c8-4b7b-4716-b504-487b572a1b40,,,,-9313155.9129,5205946.0476
10292,201811093,Pitcairnia orchidifolia,,Existing,,2/6/2012 12:00:00 AM,No,Insufficient data to determine provenance,,Unknown,,Conservatory (Theodore and Kimberly Maged Tropical House),,,,1e79f1b4-497e-47f0-9f7e-04d303695b9a,,,,-9313155.9129,5205946.0476
10307,201811108,Pittosporum tobira 'Variegata',Japanese cheesewood,Existing,,5/13/1985 12:00:00 AM,No,Insufficient data to determine provenance,,Unknown,,Conservatory (Temperate House),,,,b581bf67-e063-43d5-8e12-cf159c38e2ec,,,,-9313161.8128,5205906.3142
10391,201811193,Plectranthus hilliardiae,,Existing,,3/17/2003 12:00:00 AM,No,Insufficient data to determine provenance,,Nursery or other commercial establishment,Logee Greenhouses,Conservatory (Theodore and Kimberly Maged Tropical House),,,,8f3666b2-5101-4fed-8f2d-e0cef0c782fb,,,,-9313155.9129,5205946.0476
10398,201811200,Plectranthus rosulatus,,Existing,,,No,Insufficient data to determine provenance,,Unknown,,Conservatory (Theodore and Kimberly Maged Tropical House),,,,4c047994-1a64-4953-a4c7-56cf5ed26f15,,,,-9313155.9129,5205946.0476
10402,201811205,Pleopeltis deparioides,,Existing,,3/31/2011 12:00:00 AM,No,Insufficient data to determine provenance,,Unknown,,Conservatory (Theodore and Kimberly Maged Tropical House),,,,16c6e4bb-1f36-4767-afae-2986897a52b5,,,,-9313155.9129,5205946.0476
10408,201811211,Plumeria rubra,templetree,Existing,,10/14/2002 12:00:00 AM,No,Insufficient data to determine provenance,,Unknown,,Conservatory (Theodore and Kimberly Maged Tropical House),,,,92d8d382-dc36-45d6-babc-1f48e23ed9e7,,,,-9313155.9129,5205946.0476
10526,201811330,Polystachya stenophylla 'Panning for Gold',,Existing,,8/6/2012 12:00:00 AM,No,Insufficient data to determine provenance,,Unknown,,Conservatory (Theodore and Kimberly Maged Tropical House),,,,19eebccc-79ad-42a7-b2d9-4ff4177a41f1,,,,-9313155.9129,5205946.0476
10640,201811444,Porpax lanii,,Existing,,,No,Insufficient data to determine provenance,,Unknown,,Conservatory (Theodore and Kimberly Maged Tropical House),,,,23ccba39-6f4f-48ba-9c2e-97d58594281e,,,,-9313155.9129,5205946.0476
10641,201811445,Porphyrocoma pohliana,,Existing,,4/21/2003 12:00:00 AM,No,Insufficient data to determine provenance,,Nursery or other commercial establishment,Logee Greenhouses,Conservatory (Theodore and Kimberly Maged Tropical House),,,,82f1573e-a457-4fa6-8298-ff6e01a7c651,,,,-9313155.9129,5205946.0476
10713,201811517,Pritchardia pacifica,,Existing,,8/4/1972 12:00:00 AM,No,Insufficient data to determine provenance,,Botanic Garden or Arboretum,Missouri Botanical Garden,Conservatory (Theodore and Kimberly Maged Tropical House),,,,8ef1b38f-bccf-4bde-8587-d72387128000,,,,-9313155.9129,5205946.0476
10872,201811677,Pseuderanthemum carruthersii,Carruthers' falseface,Existing,,4/2/2003 12:00:00 AM,No,Insufficient data to determine provenance,,Nursery or other commercial establishment,Goldner Walsh Nursery,Conservatory (Theodore and Kimberly Maged Tropical House),,,,731ae5b5-ba97-47cb-ba49-d17cf8040fd3,,,,-9313155.9129,5205946.0476
10897,201811702,Psidium cattleianum,strawberry guava,Existing,,6/29/1956 12:00:00 AM,No,Insufficient data to determine provenance,,University department,University of Lisbon,Conservatory (Theodore and Kimberly Maged Tropical House),,,,5ad489f5-1388-4cc0-8505-9a8f1d4f8d04,,,,-9313155.9129,5205946.0476
10898,201811704,Psilotum nudum,whisk fern,Existing,,9/24/1984 12:00:00 AM,No,Insufficient data to determine provenance,,Unknown,,Conservatory (Theodore and Kimberly Maged Tropical House),,,,d2c0bfb0-4374-4559-b5a5-996e1aa91d84,,,,-9313155.9129,5205946.0476
10899,201811705,Psilotum nudum,whisk fern,Existing,,1/1/2003 12:00:00 AM,No,Insufficient data to determine provenance,,University department,University of Michigan,Conservatory (Theodore and Kimberly Maged Tropical House),,,,5a3b1c60-59e8-4435-a088-da2244872711,,,,-9313155.9129,5205946.0476
10901,201811707,Psychopsiella limminghei,,Existing,,12/1/2011 12:00:00 AM,No,Insufficient data to determine provenance,,Unknown,,Conservatory (Theodore and Kimberly Maged Tropical House),,,,36a09a0f-8a63-4b9c-867b-96df9ddb3c3f,,,,-9313155.9129,5205946.0476
10904,201811710,Psychotria punctata var. punctata,psychotria,Existing,,4/3/2003 12:00:00 AM,No,Insufficient data to determine provenance,,University department,University of Michigan,Conservatory (Theodore and Kimberly Maged Tropical House),,,,50271153-4134-4398-aab3-c1445a3afa8a,,,,-9313155.9129,5205946.0476
10937,201811744,Puya mirabilis,,Existing,,2/6/2012 12:00:00 AM,No,Insufficient data to determine provenance,,Unknown,,Conservatory (Theodore and Kimberly Maged Tropical House),,,,3cf167e4-5914-4e0a-a1fb-efcb5566df10,,,,-9313155.9129,5205946.0476
11321,201812130,Quesnelia arvensis,,Existing,,9/24/1984 12:00:00 AM,No,Insufficient data to determine provenance,,Unknown,,Conservatory (Theodore and Kimberly Maged Tropical House),,,,47d3f28c-ab43-4dc3-8669-fefe505f28e7,,,,-9313155.9129,5205946.0476
11322,201812131,Quesnelia arvensis,,Existing,,3/30/2012 12:00:00 AM,No,Insufficient data to determine provenance,,Unknown,,Conservatory (Theodore and Kimberly Maged Tropical House),,,,10a04d3d-bfba-4819-b376-d65674128ba0,,,,-9313155.9129,5205946.0476
11323,201812132,Quesnelia arvensis,,Existing,,3/30/2012 12:00:00 AM,No,Insufficient data to determine provenance,,Unknown,,Conservatory (Theodore and Kimberly Maged Tropical House),,,,4db08634-75aa-40c6-a216-b64ae46dc369,,,,-9313155.9129,5205946.0476
11329,201812138,Quesnelia testudo,,Existing,,2/6/2012 12:00:00 AM,No,Insufficient data to determine provenance,,Unknown,,Conservatory (Theodore and Kimberly Maged Tropical House),,,,77c25a51-6f0a-47e9-b4c2-ad4abdc7077d,,,,-9313155.9129,5205946.0476
11412,201812222,Rebutia fiebrigii,,Existing,,2/14/2001 12:00:00 AM,No,Insufficient data to determine provenance,,Unknown,,Conservatory (Arid House),,,,c1f7655b-25a6-4fd9-b1f8-01df1bf5dba8,,,,-9313165.7091,5205882.685
11414,201812224,Reineckea carnea 'Variegata',,Existing,,2/14/2001 12:00:00 AM,No,Insufficient data to determine provenance,,Unknown,,Conservatory (Temperate House),,,,7a49e467-a044-47be-adf6-7d5f206c4293,,,,-9313161.8128,5205906.3142
11417,201812227,Restrepia,,Existing,,6/11/2012 12:00:00 AM,No,Insufficient data to determine provenance,,Unknown,,Conservatory (Theodore and Kimberly Maged Tropical House),,,,17618a3a-84b2-456d-b675-975a3442ff13,,,,-9313155.9129,5205946.0476
11474,201812284,Rhaphidophora korthalsii,shingle flower,Existing,,10/14/2003 12:00:00 AM,No,Insufficient data to determine provenance,,University department,"University of Michigan, Dearborn",Conservatory (Theodore and Kimberly Maged Tropical House),,,,a5c249e7-33b1-419e-bab8-185b14a438ac,,,,-9313155.9129,5205946.0476
11475,201812287,Rhetinantha notylioglossa,,Existing,,2/15/2011 12:00:00 AM,No,Insufficient data to determine provenance,,Unknown,,Conservatory (Theodore and Kimberly Maged Tropical House),,,,6f6806f2-3d20-4dc9-a3e3-90207c416e78,,,,-9313155.9129,5205946.0476
11477,201812289,Rhipsalis pachyptera,,Existing,,5/31/2012 12:00:00 AM,No,Insufficient data to determine provenance,,Unknown,,Conservatory (Theodore and Kimberly Maged Tropical House),,,,70616890-ed23-424d-a75a-d7e92ece6f60,,,,-9313155.9129,5205946.0476
12114,201812926,Tradescantia spathacea 'Vittata',Vittata boat lily,Existing,,11/12/1963 12:00:00 AM,No,Insufficient data to determine provenance,,Nursery or other commercial establishment,Hummel's Exotic Gardens,Conservatory (Theodore and Kimberly Maged Tropical House),,,,ad4985b4-fcac-4581-8cda-756a74994a7c,,,,-9313155.9129,5205946.0476
12350,201813162,Rohdea japonica,,Existing,,6/28/2000 12:00:00 AM,No,Insufficient data to determine provenance,,Nursery or other commercial establishment,Plant Delights Nursery,Conservatory (Temperate House),,,,92804196-ef96-4f7c-9ff9-6c7cad8252ca,,,,-9313161.8128,5205906.3142
12351,201813163,Rohdea japonica 'Galle',,Existing,,6/28/2000 12:00:00 AM,No,Insufficient data to determine provenance,,Nursery or other commercial establishment,Plant Delights Nursery,Conservatory (Temperate House),,,,203130ac-f082-4a91-ba81-6db2c4d562c4,,,,-9313161.8128,5205906.3142
12547,201813375,Rubus × nobilis,,Existing,,10/1/2002 12:00:00 AM,No,Insufficient data to determine provenance,,Nursery or other commercial establishment,Forest Farm,Conservatory (Temperate House),,,,e6be84ad-99f4-41c7-950e-c90199c72217,,,,-9313161.8128,5205906.3142
12919,201813751,Sansevieria hyacinthoides,iguanatail,Existing,,1/1/1975 12:00:00 AM,No,Insufficient data to determine provenance,,Unknown,,Conservatory (Arid House),,,,fd713715-ebbc-43de-9b39-9db83e3f42e7,,,,-9313165.7091,5205882.685
12938,201813771,Sarmienta repens,,Existing,,,No,Insufficient data to determine provenance,,Unknown,,Conservatory (Theodore and Kimberly Maged Tropical House),,,,bf75f301-1c5b-4089-b413-6c72c1c7dec4,,,,-9313155.9129,5205946.0476
12939,201813772,Sarmienta scandens,,Existing,,,No,Insufficient data to determine provenance,,Unknown,,Conservatory (Theodore and Kimberly Maged Tropical House),,,,30bee1e8-b695-4420-80eb-5f56988867e9,,,,-9313155.9129,5205946.0476
12946,201813779,Sasa veitchii,kuma bamboo grass,Existing,,5/22/2002 12:00:00 AM,No,Insufficient data to determine provenance,,Nursery or other commercial establishment,Forest Farm,Conservatory (Temperate House),,,,22804670-3fb5-4a31-8809-23134934ae2e,,,,-9313161.8128,5205906.3142
12994,201813828,Scaphosepalum breve,,Existing,,8/20/2012 12:00:00 AM,No,Insufficient data to determine provenance,,Unknown,,Conservatory (Theodore and Kimberly Maged Tropical House),,,,cd54dde8-1667-4f4a-a460-c0379d0cdb4c,,,,-9313155.9129,5205946.0476
13042,201813876,Scindapsus pictus,,Existing,,5/8/2012 12:00:00 AM,No,Insufficient data to determine provenance,,Unknown,,Conservatory (Theodore and Kimberly Maged Tropical House),,,,a169678a-3878-4ef7-a150-84773c53c7ac,,,,-9313155.9129,5205946.0476
13112,201813946,Sedum × Cremnosedum 'Little Gem',,Existing,,4/2/2004 12:00:00 AM,No,Insufficient data to determine provenance,,Unknown,,Conservatory (Arid House),,,,3c0b3fc7-0c4d-4b7a-9582-188c83f44705,,,,-9313165.7091,5205882.685
13115,201813951,Selaginella kraussiana,Krauss' spikemoss,Existing,,11/2/1993 12:00:00 AM,No,Insufficient data to determine provenance,,Unknown,,Conservatory (Theodore and Kimberly Maged Tropical House),,,,05ea8f4e-5eb1-4543-b4c2-288bcb9d7906,,,,-9313155.9129,5205946.0476
13116,201813952,Selaginella martensii,,Existing,,2/11/2004 12:00:00 AM,No,Insufficient data to determine provenance,,University department,University of Michigan,Conservatory (Theodore and Kimberly Maged Tropical House),,,,cadc338f-4bd9-4685-9f0f-550184c0f750,,,,-9313155.9129,5205946.0476
13132,201813968,Senecio mandraliscae,blue finger,Existing,Good,12/1/1934 12:00:00 AM,No,Insufficient data to determine provenance,,Unknown,,Conservatory (Arid House),,,,0e9645ba-9d68-40a3-a92f-9d3895a5ab9f,6/2/2026 12:00:00 AM,,,-9313171.9949,5205884.0629
13149,201813986,Siderasis fuscata,,Existing,,2/22/2004 12:00:00 AM,No,Insufficient data to determine provenance,,Unknown,,Conservatory (Theodore and Kimberly Maged Tropical House),,,,a1d28425-ff3a-48e0-9453-a12dd1f06286,,,,-9313155.9129,5205946.0476
13283,201814120,Solandra grandiflora,showy chalicevine,Existing,,9/24/1984 12:00:00 AM,No,Insufficient data to determine provenance,,Unknown,,Conservatory (Theodore and Kimberly Maged Tropical House),,,,ca292f41-5ae9-4a93-9193-e2c3adbc01e3,,,,-9313155.9129,5205946.0476
13307,201814144,Soleirolia soleirolii,mother of thousands,Existing,,1/1/1986 12:00:00 AM,No,Insufficient data to determine provenance,,Unknown,,Conservatory (Temperate House),,,,5a1e2f0d-7eac-4227-979f-2c3018e70fee,,,,-9313161.8128,5205906.3142
13538,201814375,Spathicarpa hastifolia,,Existing,,9/24/1984 12:00:00 AM,No,Insufficient data to determine provenance,,Unknown,,Conservatory (Theodore and Kimberly Maged Tropical House),,,,d42443d0-8525-4b77-b0e9-49a62c2df9f1,,,,-9313155.9129,5205946.0476
13539,201814376,Spathiphyllum 'Clevelandii',spathiphyllum,Existing,,9/24/1984 12:00:00 AM,No,Insufficient data to determine provenance,,Unknown,,Conservatory (Theodore and Kimberly Maged Tropical House),,,,f160a6c4-669c-448f-94b9-13eab28f3d3e,,,,-9313155.9129,5205946.0476
13540,201814377,Spathiphyllum patinii,,Existing,,9/24/1984 12:00:00 AM,No,Insufficient data to determine provenance,,Unknown,,Conservatory (Theodore and Kimberly Maged Tropical House),,,,d26cb6e8-fab3-4493-b1c3-0481b6fb797a,,,,-9313155.9129,5205946.0476
13541,201814378,Spathodea campanulata,African tuliptree,Existing,,10/13/1977 12:00:00 AM,No,Insufficient data to determine provenance,,Unknown,Hurov's,Conservatory (Theodore and Kimberly Maged Tropical House),,,,ac5f1975-c438-46ee-a9e1-cab294e53856,,,,-9313155.9129,5205946.0476
13543,201814380,Sphaeropteris cooperi,lacy tree fern,Existing,,1/1/2003 12:00:00 AM,No,Insufficient data to determine provenance,,University department,"University of Michigan, Dearborn",Conservatory (Theodore and Kimberly Maged Tropical House),,,,16312400-8b1e-4907-a8c5-8b2589e6713b,,,,-9313155.9129,5205946.0476
13545,201814382,Sphyrospermum cordifolium,,Existing,,,No,Insufficient data to determine provenance,,Unknown,,Conservatory (Theodore and Kimberly Maged Tropical House),,,,041a8c4e-0602-4bc3-8b6d-543e151b6934,,,,-9313155.9129,5205946.0476
13641,201814480,Stenospermation angustifolium,,Existing,,6/23/2011 12:00:00 AM,No,Insufficient data to determine provenance,,Unknown,,Conservatory (Theodore and Kimberly Maged Tropical House),,,,1b57ada0-a03a-4d6d-b1d5-ffa0539f3ebe,,,,-9313155.9129,5205946.0476
13930,201814770,Tacitus bellus,,Existing,,2/14/2001 12:00:00 AM,No,Insufficient data to determine provenance,,Unknown,,Conservatory (Arid House),,,,e6a5be51-0547-42a0-8a3a-12af73b1adc8,,,,-9313165.7091,5205882.685
14375,201815218,Tillandsia aeranthos,,Existing,,2/6/2012 12:00:00 AM,No,Insufficient data to determine provenance,,Unknown,,Conservatory (Theodore and Kimberly Maged Tropical House),,,,c9edc294-5a8f-435e-b96b-5967c13e4684,,,,-9313155.9129,5205946.0476
14394,201815237,Tillandsia bulbosa,bulbous airplant,Existing,,3/28/1985 12:00:00 AM,No,Insufficient data to determine provenance,,Unknown,,Conservatory (Theodore and Kimberly Maged Tropical House),,,,292efad2-062b-4936-860b-624e19a2efc1,,,,-9313155.9129,5205946.0476
14398,201815241,Tillandsia cacticola,,Existing,,10/8/2002 12:00:00 AM,No,Insufficient data to determine provenance,,Unknown,,Conservatory (Theodore and Kimberly Maged Tropical House),,,,a657d399-4336-4190-b7d6-f855f3057972,,,,-9313155.9129,5205946.0476
14407,201815250,Tillandsia cyanea,,Existing,,3/30/2012 12:00:00 AM,No,Insufficient data to determine provenance,,Unknown,,Conservatory (Theodore and Kimberly Maged Tropical House),,,,91b220be-e46f-40e2-beaf-7670fe5fecc7,,,,-9313155.9129,5205946.0476
14408,201815251,Tillandsia cyanea,,Existing,,3/30/2012 12:00:00 AM,No,Insufficient data to determine provenance,,Unknown,,Conservatory (Theodore and Kimberly Maged Tropical House),,,,a437f8b1-6c31-4d2f-99bd-c89707b4896c,,,,-9313155.9129,5205946.0476
14409,201815252,Tillandsia cyanea,,Existing,,3/30/2012 12:00:00 AM,No,Insufficient data to determine provenance,,Unknown,,Conservatory (Theodore and Kimberly Maged Tropical House),,,,b6db45cf-dbb1-4dd2-8df8-147a081c84b8,,,,-9313155.9129,5205946.0476
14410,201815253,Tillandsia cyanea,,Existing,,3/30/2012 12:00:00 AM,No,Insufficient data to determine provenance,,Unknown,,Conservatory (Theodore and Kimberly Maged Tropical House),,,,42a27f9a-3fd5-4d87-9042-4c1eb6bdf142,,,,-9313155.9129,5205946.0476
14413,201815256,Tillandsia deppeana,,Existing,,3/30/2012 12:00:00 AM,No,Insufficient data to determine provenance,,Unknown,,Conservatory (Theodore and Kimberly Maged Tropical House),,,,588c1283-d31b-4cf6-aef8-85ac112c97a1,,,,-9313155.9129,5205946.0476
14437,201815280,Tillandsia geminiflora,,Existing,,2/6/2012 12:00:00 AM,No,Insufficient data to determine provenance,,Unknown,,Conservatory (Theodore and Kimberly Maged Tropical House),,,,95c46d94-bb64-4aff-b0d9-c93bbd8b1148,,,,-9313155.9129,5205946.0476
14474,201815317,Tillandsia lindenii,,Existing,,3/30/2012 12:00:00 AM,No,Insufficient data to determine provenance,,Unknown,,Conservatory (Theodore and Kimberly Maged Tropical House),,,,3f8f1f4b-334e-44dd-bdb1-a15bf12399f3,,,,-9313155.9129,5205946.0476
14476,201815319,Tillandsia multicaulis,,Existing,,3/30/2012 12:00:00 AM,No,Insufficient data to determine provenance,,Unknown,,Conservatory (Theodore and Kimberly Maged Tropical House),,,,a51d0e72-fb95-4c69-86fc-b70513db674b,,,,-9313155.9129,5205946.0476
14478,201815321,Tillandsia polystachia,parásita,Existing,,2/6/2012 12:00:00 AM,No,Insufficient data to determine provenance,,Unknown,,Conservatory (Theodore and Kimberly Maged Tropical House),,,,6cea5f4a-c7e1-4abd-a38d-a9f7e514a487,,,,-9313155.9129,5205946.0476
14487,201815330,Tillandsia schiedeana,,Existing,,1/1/1987 12:00:00 AM,No,Insufficient data to determine provenance,,Unknown,,Conservatory (Theodore and Kimberly Maged Tropical House),,,,f3ef6d0d-c6ef-40e2-838e-d55d26541086,,,,-9313155.9129,5205946.0476
14493,201815336,Tillandsia secunda,,Existing,,2/6/2012 12:00:00 AM,No,Insufficient data to determine provenance,,Unknown,,Conservatory (Theodore and Kimberly Maged Tropical House),,,,31369dda-1803-4b46-95a5-82b71a1675a4,,,,-9313155.9129,5205946.0476
14582,201815425,Trachelospermum asiaticum 'Nagaba',,Existing,,10/15/1981 12:00:00 AM,No,Insufficient data to determine provenance,,Nursery or other commercial establishment,Longwood Gardens,Conservatory (Temperate House),,,,8e96c640-8b11-40ef-8b28-ff1a5909ba54,,,,-9313161.8128,5205906.3142
14583,201815426,Trachelospermum jasminoides,confederate jasmine,Existing,,5/13/1976 12:00:00 AM,No,Insufficient data to determine provenance,,Botanic Garden or Arboretum,Los Angeles State and County Arboretum,Conservatory (Temperate House),,,,6fe53af5-e18d-4f5f-8e0f-6a82ddd53ba0,,,,-9313161.8128,5205906.3142
14595,201815439,Tradescantia pallida,purple heart,Existing,,9/10/1976 12:00:00 AM,No,Insufficient data to determine provenance,,Unknown,,Conservatory (Theodore and Kimberly Maged Tropical House),,,,f400325d-36f6-4c0b-8730-ab3eb2425206,,,,-9313155.9129,5205946.0476
14597,201815441,Tradescantia spathacea,boat lily,Existing,,2/13/2004 12:00:00 AM,No,Insufficient data to determine provenance,,Unknown,,Conservatory (Theodore and Kimberly Maged Tropical House),,,,3e55e403-aaa6-4183-beb0-b98daec6b8c6,,,,-9313155.9129,5205946.0476
14598,201815442,Tradescantia spathacea 'Nana',boat lily,Existing,,3/22/1977 12:00:00 AM,No,Insufficient data to determine provenance,,Unknown,,Conservatory (Theodore and Kimberly Maged Tropical House),,,,874231f7-04f4-4c24-9658-0d2af6056b91,,,,-9313155.9129,5205946.0476
14621,201815465,Trichosalpinx chamaelepanthes,,Existing,,,No,Insufficient data to determine provenance,,Unknown,,Conservatory (Theodore and Kimberly Maged Tropical House),,,,efedb757-ea09-4319-b086-add934c2e89e,,,,-9313155.9129,5205946.0476
14622,201815466,Trichosalpinx rotundata,,Existing,,,No,Insufficient data to determine provenance,,Unknown,,Conservatory (Theodore and Kimberly Maged Tropical House),,,,5387ada1-b1ec-48e2-b37f-85a0e6096e36,,,,-9313155.9129,5205946.0476
14886,201815730,Utricularia humboldtii,,Existing,,10/20/2011 12:00:00 AM,No,Insufficient data to determine provenance,,Unknown,,Conservatory (Theodore and Kimberly Maged Tropical House),,,,c7b5239b-9aec-4b8c-a8e4-31ff2a3064c0,,,,-9313155.9129,5205946.0476
14890,201815734,Utricularia longifolia,,Existing,,,No,Insufficient data to determine provenance,,Unknown,,Conservatory (Theodore and Kimberly Maged Tropical House),,,,ad4d9718-902b-4228-9b1f-64841e59c8e6,,,,-9313155.9129,5205946.0476
14891,201815735,Utricularia longifolia 'Short Leaf Form',,Existing,,9/15/2011 12:00:00 AM,No,Insufficient data to determine provenance,,Unknown,,Conservatory (Theodore and Kimberly Maged Tropical House),,,,3643bb65-f9c6-414c-a08e-3822d4e44d40,,,,-9313155.9129,5205946.0476
14894,201815738,Utricularia nephrophylla,,Existing,,9/15/2011 12:00:00 AM,No,Insufficient data to determine provenance,,Unknown,,Conservatory (Theodore and Kimberly Maged Tropical House),,,,1e6ca748-0a9e-4ece-8f73-9578007af280,,,,-9313155.9129,5205946.0476
14895,201815739,Utricularia reniformis 'Form Courte',,Existing,,9/15/2011 12:00:00 AM,No,Insufficient data to determine provenance,,Unknown,,Conservatory (Theodore and Kimberly Maged Tropical House),,,,353c71f3-6b53-4e9e-a7c2-8768d0a970fe,,,,-9313155.9129,5205946.0476
14896,201815740,Utricularia sandersonii,,Existing,,9/15/2011 12:00:00 AM,No,Insufficient data to determine provenance,,Unknown,,Conservatory (Theodore and Kimberly Maged Tropical House),,,,f2f80146-550b-49d0-b744-b304c7aea81d,,,,-9313155.9129,5205946.0476
14897,201815741,Utricularia,bladderwort,Existing,,10/20/2011 12:00:00 AM,No,Insufficient data to determine provenance,,Unknown,,Conservatory (Theodore and Kimberly Maged Tropical House),,,,9ca849f9-4389-4a5b-a13a-cd42aad42c20,,,,-9313155.9129,5205946.0476
14898,201815742,Utricularia,bladderwort,Existing,,10/20/2011 12:00:00 AM,No,Insufficient data to determine provenance,,Unknown,,Conservatory (Theodore and Kimberly Maged Tropical House),,,,cd6ff1c5-6164-4cd7-af72-8268fc7bbf31,,,,-9313155.9129,5205946.0476
14899,201815743,Utricularia tricolor,,Existing,,,No,Insufficient data to determine provenance,,Unknown,,Conservatory (Theodore and Kimberly Maged Tropical House),,,,046375f7-c7e5-4cf7-9de9-9b5ccc1eac6b,,,,-9313155.9129,5205946.0476
14900,201815744,Utricularia tridentata,,Existing,,10/20/2011 12:00:00 AM,No,Insufficient data to determine provenance,,Unknown,,Conservatory (Theodore and Kimberly Maged Tropical House),,,,b34ca9dc-08e1-441e-97d3-994f4073e6bc,,,,-9313155.9129,5205946.0476
15232,201816076,Viburnum odoratissimum V awabuki,,Existing,,5/6/2003 12:00:00 AM,No,Insufficient data to determine provenance,,Nursery or other commercial establishment,Monrovia Nursery Co.,Conservatory (Temperate House),,,,d20c082b-10e2-4f9e-82c8-789d50e19792,,,,-9313161.8128,5205906.3142
15494,201816339,Vriesea carinata,,Existing,,3/30/2012 12:00:00 AM,No,Insufficient data to determine provenance,,Unknown,,Conservatory (Theodore and Kimberly Maged Tropical House),,,,aff359cf-3820-43cb-bb70-95cbee80a28d,,,,-9313155.9129,5205946.0476
15511,201816356,Vriesea glutinosa,,Existing,,2/6/2012 12:00:00 AM,No,Insufficient data to determine provenance,,Unknown,,Conservatory (Theodore and Kimberly Maged Tropical House),,,,a1d9fbaf-ded9-4b13-ba17-bbf36cf70eea,,,,-9313155.9129,5205946.0476
15523,201816368,Vriesea platynema,,Existing,,3/30/2012 12:00:00 AM,No,Insufficient data to determine provenance,,Unknown,,Conservatory (Theodore and Kimberly Maged Tropical House),,,,289335ce-241a-4ed2-a368-fea929e619f7,,,,-9313155.9129,5205946.0476
15524,201816369,Vriesea platynema,,Existing,,3/30/2012 12:00:00 AM,No,Insufficient data to determine provenance,,Unknown,,Conservatory (Theodore and Kimberly Maged Tropical House),,,,120c964d-2bab-4ce7-9130-3f2e2b54a0bc,,,,-9313155.9129,5205946.0476
15533,201816378,Vriesea rodigasiana,,Existing,,3/30/2012 12:00:00 AM,No,Insufficient data to determine provenance,,Unknown,,Conservatory (Theodore and Kimberly Maged Tropical House),,,,d7e3d3ac-649f-4ded-8fee-2c808edf9b75,,,,-9313155.9129,5205946.0476
15534,201816379,Vriesea rodigasiana,,Existing,,2/6/2012 12:00:00 AM,No,Insufficient data to determine provenance,,Unknown,,Conservatory (Theodore and Kimberly Maged Tropical House),,,,c2177d07-460f-41e5-9f05-97af72deafc5,,,,-9313155.9129,5205946.0476
15578,201816423,×Aechopsis Ioeseneri 'Midnight',bromeliad,Existing,,3/30/2012 12:00:00 AM,No,Insufficient data to determine provenance,,Unknown,,Conservatory (Theodore and Kimberly Maged Tropical House),,,,45167a38-746d-4dd3-aeda-7abdb34390eb,,,,-9313155.9129,5205946.0476
15675,201816524,Zingiber officinale,garden ginger,Existing,,2/10/2004 12:00:00 AM,No,Insufficient data to determine provenance,,Nursery or other commercial establishment,Busch's Grocery,Conservatory (Theodore and Kimberly Maged Tropical House),,,,6a60f2a8-772f-4be4-b4dd-df138d952b54,,,,-9313155.9129,5205946.0476
27052,20240639,Carnegiea gigantea,saguaro,Existing,Good,11/20/2024 12:00:00 AM,No,Plant of not wild source,Plant,Nursery or other commercial establishment,The Cactus Outlet,Conservatory (Arid House),,,,5d17212b-4c6a-4bb6-b740-6c3fdadc6b1d,11/26/2024 12:00:00 AM,Metal Name Plate,Ground ,-9313175.9415,5205883.4471
27508,20180580,Aechmea chantinii 'Black' x A. zebrina,,Existing,Good,2/6/2012 12:00:00 AM,No,Insufficient data to determine provenance,Existing,Unknown,,Conservatory (Theodore and Kimberly Maged Tropical House),,,,481ff484-c5e7-4055-a15c-e624fc55c48d,,Display,,-9313161.5195,5205964.6009
27509,20250290,Neoregelia 'Hannibal Lecter',Hannibal Lecter neoregelia,Existing,Good,,No,Insufficient data to determine provenance,Existing,Unknown,,Conservatory (Theodore and Kimberly Maged Tropical House),,,,444af194-a0b8-4067-a2c4-cfefd9e93998,,Plastic handwritten,,-9313161.2075,5205967.8158
27510,20180668,Aechmea recurvata,bromeliad,Existing,Good,2/6/2012 12:00:00 AM,No,Insufficient data to determine provenance,Existing,Unknown,,Conservatory (Theodore and Kimberly Maged Tropical House),,,,523ba287-fa4a-40f9-829f-f3df99023c0a,,Display,,-9313161.7078,5205963.0943
27511,20250291,Callisia soconuscensis,inch plant,Existing,Good,,No,Insufficient data to determine provenance,Existing,Unknown,,Conservatory (Theodore and Kimberly Maged Tropical House),,,,aaea26e8-c47f-4287-9897-e11dbc973359,,None,,-9313161.3747,5205964.1376
27512,20250292,Pseuderanthemum sp.,pseuderanthemum,Existing,Good,,No,Insufficient data to determine provenance,Existing,Unknown,,Conservatory (Theodore and Kimberly Maged Tropical House),,,,d3a2341e-3c6d-438d-b934-819c506a6f0f,,None,,-9313162.9993,5205968.2231
27513,20250293,Adiantum hispidulum 'Bronze Venus',Bronze Venus rough maidenhair,Existing,Good,,No,Insufficient data to determine provenance,Existing,Unknown,,Conservatory (Theodore and Kimberly Maged Tropical House),,,,fbd8318d-3d06-4f36-9093-312c83b416ee,,None,,-9313161.2773,5205966.6636
27514,20250294,Selaginella braunii,Braun's spikemoss,Existing,Good,,No,Insufficient data to determine provenance,Existing,Unknown,,Conservatory (Theodore and Kimberly Maged Tropical House),,,,48bce737-b146-45ac-ac72-a756d1cc9e7e,,None,,-9313161.3829,5205965.8508
27515,20250295,Neoregelia 'Maggie's Pride',Maggie's Pride neoregelia,Existing,Good,,No,Insufficient data to determine provenance,Existing,Unknown,,Conservatory (Theodore and Kimberly Maged Tropical House),front of bed by brick border,,,a884a62c-d00e-4d1e-aa2d-53705a1ef1a1,,Plastic handwritten,,-9313161.4895,5205963.9629
27516,20184539,Dieffenbachia 'Sterling',Sterling dumb cane,Existing,Good,6/27/2005 12:00:00 AM,No,Plant of not wild source,Existing,Nursery or other commercial establishment,Goldner Walsh Nursery,Conservatory (Theodore and Kimberly Maged Tropical House),,,,53c8ff2e-381e-4656-bff8-b743647b9798,,Metal Name Plate,,-9313143.8659,5205964.0651
27517,20250296,Tradescantia pallida,purple heart,Existing,Good,,No,Insufficient data to determine provenance,Existing,Unknown,,Conservatory (Theodore and Kimberly Maged Tropical House),,,,e130a3c0-2b40-4839-a311-5f2fb34b9d48,,Display,,-9313146.6248,5205962.7968
27518,20250297,Ficus montana,oakleaf fig,Existing,Good,,No,Insufficient data to determine provenance,Existing,Unknown,,Conservatory (Theodore and Kimberly Maged Tropical House),,,,35b59c9a-bf9b-4031-9b60-ffbcd3d5373a,,None,,-9313146.0939,5205964.7594
27519,20250298,Dichorisandra thyrsiflora 'Variegata',blue ginger,Existing,Good,,No,Insufficient data to determine provenance,Existing,Unknown,,Conservatory (Theodore and Kimberly Maged Tropical House),,,,ee623497-d7fa-4cfc-9f8b-c46559e66f2d,,None,,-9313146.1914,5205963.5824
27520,201810131,Paullinia pinnata,bread and cheese,Existing,Good,3/1/1931 12:00:00 AM,No,Plant of wild source,Existing,University department,University of Michigan,Conservatory (Theodore and Kimberly Maged Tropical House),,Harley Harris Bartlett,collected 2/1/1931 in British Honduras,fe81df9e-c86e-4300-bea5-985af9aeabd5,,None,,-9313145.8587,5205966.2008
27521,20250299,Clusia sp.,clusia,Existing,Good,,No,Insufficient data to determine provenance,Existing,Unknown,,Conservatory (Theodore and Kimberly Maged Tropical House),,,,1820db9b-bbe4-40b6-a543-639017ccafb0,,None,,-9313144.023,5205959.9406
27522,20250300,Ficus lyrata,fiddleleaf fig,Existing,Good,1/1/1910 12:00:00 AM,No,Insufficient data to determine provenance,Existing,Botanic Garden or Arboretum,Missouri Botanical Garden,Conservatory (Theodore and Kimberly Maged Tropical House),,,,707dce94-7d1e-4f78-be5a-9ed169b9b735,,Display,,-9313143.4246,5205965.4976
27523,20250301,Lecanopteris deparioides,ant-fern,Existing,Good,,No,Insufficient data to determine provenance,Existing,Unknown,,Conservatory (Theodore and Kimberly Maged Tropical House),,,,a7f82744-3efd-4aee-9fe4-33eb5731c29e,,Metal Name Plate,Branch,-9313143.5115,5205963.4852
27525,201816606,Zombia antillarum,"spiny fan palm, zombi palm",Existing,Good,10/21/2002 12:00:00 AM,No,Plant of not wild source,Existing,Nursery or other commercial establishment,Redland Nursery,Conservatory (Theodore and Kimberly Maged Tropical House),,,,29b6dd44-16af-4489-a829-85e777c04dc9,,Metal Name Plate,Ground ,-9313145.3638,5205960.2574
27526,20250303,Dracaena sp.,dracaena,Existing,Good,,No,Insufficient data to determine provenance,Existing,Unknown,,Conservatory (Theodore and Kimberly Maged Tropical House),,,,6d59f6fb-4087-41f9-ac86-618dbba555f4,,None,,-9313144.4849,5205964.9368
27527,20250304,Nephrolepis exaltata,Boston sword fern,Existing,Good,,No,Insufficient data to determine provenance,Existing,Unknown,,Conservatory (Theodore and Kimberly Maged Tropical House),,,,8ce9d70a-98e1-4998-b5da-1b7de0eb5432,,None,,-9313146.0189,5205960.0291
27528,20183526,Cochliostema odoratissimum,scented inch plant,Existing,Good,5/11/1998 12:00:00 AM,No,Insufficient data to determine provenance,Existing,University department,University of Michigan,Conservatory (Theodore and Kimberly Maged Tropical House),at front of bed near walkway,,,ab702002-24db-4ce0-aad6-5b7d81a9f81a,,Display,,-9313157.4368,5205957.8283
27529,201801136,Ananas comosus,pineapple,Existing,Good,4/28/2003 12:00:00 AM,No,Plant of not wild source,Existing,Nursery or other commercial establishment,Busch's Grocery,Conservatory (Theodore and Kimberly Maged Tropical House),at front of bed near walkway,,,70a94cf9-4f1b-44f0-bfca-8088ac20f5fd,,Display,,-9313157.3301,5205955.5294
27530,20250305,Cocos nucifera,coconut,Existing,Good,1/1/1974 12:00:00 AM,No,Insufficient data to determine provenance,Existing,Unknown,,Conservatory (Theodore and Kimberly Maged Tropical House),,,,4573a97c-77be-4d3a-a559-e019086568b3,,Metal Name Plate,Ground ,-9313154.3781,5205945.9045
27531,20250306,Pilea cadierei,aluminum plant,Existing,Good,,No,Insufficient data to determine provenance,Existing,Unknown,,Conservatory (Theodore and Kimberly Maged Tropical House),,,,bbfa3899-ac8c-4905-9145-3df40e5fc051,,None,,-9313157.4936,5205954.1543
27532,20250307,Spathiphyllum wallisii 'Clevelandii',Clevelandii peace lily,Existing,Good,,No,Insufficient data to determine provenance,Existing,Unknown,,Conservatory (Theodore and Kimberly Maged Tropical House),,,,6a7ec8e8-136d-42cd-8b2a-9c4c58c5964b,,None,,-9313161.0206,5205959.6504
27533,20180839,Aglaonema 'Silver King',Silver King aglaonema,Existing,Good,7/9/1976 12:00:00 AM,No,Plant of not wild source,Existing,Botanic Garden or Arboretum,Longwood Gardens,Conservatory (Theodore and Kimberly Maged Tropical House),,,,97a99a60-7d15-4266-8a60-08d0ba6e25b7,,None,,-9313164.9956,5205961.0599
27534,20185809,Griffonia simplicifolia,griffonia,Existing,Good,,No,Insufficient data to determine provenance,Existing,Unknown,,Conservatory (Theodore and Kimberly Maged Tropical House),In back of bed between Bixa orellana and Calliandra haematocephala,,,27bfe2a4-a9b5-4bbe-ba07-f1fc95be6558,,None,,-9313164.68,5205958.0727
27535,20250308,Dieffenbachia seguine,dumbcane,Existing,Good,,No,Insufficient data to determine provenance,Existing,Unknown,,Conservatory (Theodore and Kimberly Maged Tropical House),In back of bed near wall and bed 105,,,e7831682-7afa-4942-b663-669dac2dd37c,,Accession,,-9313165.5703,5205955.3049
27536,20250309,Peperomia serpens 'Variegata',Variegata cupid peperomia,Existing,Good,,No,Insufficient data to determine provenance,Existing,Unknown,,Conservatory (Theodore and Kimberly Maged Tropical House),,,,7c945fa9-9d37-496b-aa9b-d6008778a69f,,Metal Name Plate,Ground ,-9313160.565,5205952.8705
27537,20250310,Alcantarea imperialis,bromeliad,Existing,Good,,No,Insufficient data to determine provenance,Existing,Unknown,,Conservatory (Theodore and Kimberly Maged Tropical House),,,,57fd2f4a-e77e-401f-8b21-06b5f3c7a27a,,None,,-9313157.3383,5205960.3059
27538,20250311,Morinda citrifolia,noni,Existing,Good,10/10/2012 12:00:00 AM,No,Plant of not wild source,Plant,Nursery or other commercial establishment,Top Tropicals,Conservatory (Theodore and Kimberly Maged Tropical House),,,,48d8515b-fc40-4f98-aedd-cb6cd82a510e,,None,,-9313162.2621,5205961.5664
27539,20182257,Calliandra haematocephala,powder puff tree,Existing,Good,9/24/1984 12:00:00 AM,No,Insufficient data to determine provenance,Existing,Unknown,,Conservatory (Theodore and Kimberly Maged Tropical House),,,,9afff409-3189-44f2-b88f-23a303dc5bdd,,None,,-9313164.4175,5205960.2451
27540,20250312,Bixa orellana,anatto,Existing,Good,3/10/2012 12:00:00 AM,No,Plant of not wild source,Plant,Nursery or other commercial establishment,Top Tropicals,Conservatory (Theodore and Kimberly Maged Tropical House),,,,b61da3a8-f23b-4fd3-b247-e905a00ad902,,None,,-9313165.307,5205956.6733
27541,20183603,Copernicia alba,Caranday palm,Existing,Good,10/21/2002 12:00:00 AM,No,Plant of not wild source,Existing,Nursery or other commercial establishment,"Redland Nursery, Inc",Conservatory (Theodore and Kimberly Maged Tropical House),,,,e791844f-d393-46d3-beaa-2662ba97c58a,,Display,,-9313161.0748,5205956.1041
27542,20188046,Medinilla magnifica,showy medinilla,Existing,Good,3/18/2005 12:00:00 AM,No,Insufficient data to determine provenance,Existing,Unknown,Goldner Walsh Nursery,Conservatory (Theodore and Kimberly Maged Tropical House),,,,8c8ebf6d-74bb-4527-8cc7-ca88027cb91b,,Display,,-9313162.0488,5205954.4362
27543,20250313,Holmskioldia sanguinea,cup-and-saucer plant,Existing,Good,,No,Insufficient data to determine provenance,Existing,Unknown,,Conservatory (Theodore and Kimberly Maged Tropical House),,,,5383fd82-4766-46c3-ae38-f35fb82d909e,,Display,,-9313161.4054,5205953.3245
27544,20250314,Musa sp.,banana,Existing,Good,,No,Insufficient data to determine provenance,Existing,Unknown,,Conservatory (Theodore and Kimberly Maged Tropical House),,,,ed340d04-0b38-43ee-9777-635457c989e3,,None,,-9313159.1706,5205954.7566
27545,20250315,Psychotria punctata var. punctata,psychotria,Existing,Good,,No,Insufficient data to determine provenance,Existing,Unknown,,Conservatory (Theodore and Kimberly Maged Tropical House),,,,a198f22d-580a-4c66-8c50-13e6506ba778,,Metal Name Plate,Ground ,-9313164.9488,5205955.9963
27546,20250316,Justicia brandegeeana,shrimp plant,Existing,Good,,No,Insufficient data to determine provenance,Existing,Unknown,,Conservatory (Theodore and Kimberly Maged Tropical House),,,,39c4ca3a-3c8c-4c2e-abeb-501cd3b18f14,,None,,-9313163.6518,5205960.4997
27547,20250317,Neoregelia carolinae,neoregelia,Existing,Good,,No,Insufficient data to determine provenance,Existing,Unknown,,Conservatory (Theodore and Kimberly Maged Tropical House),,,,a891a640-fd6a-4d37-9ef4-702d771f466a,,Plastic handwritten,,-9313156.1966,5205960.7761
27548,20250318,Neoregelia 'Yin',Yin neoregelia,Existing,Good,,No,Insufficient data to determine provenance,Existing,Unknown,,Conservatory (Theodore and Kimberly Maged Tropical House),,,,037f8e20-389d-4249-99d7-762f666801f9,,Plastic handwritten,,-9313156.6619,5205960.8734
27549,20250319,Neoregelia sp.,neoregelia,Existing,Good,,No,Insufficient data to determine provenance,Existing,Unknown,,Conservatory (Theodore and Kimberly Maged Tropical House),,,,b2b236f6-f0c4-4a12-8f61-a9f758bff795,,None,,-9313156.0819,5205960.3614
27550,20250320,Neoregelia 'Hojo Rojo',Hojo Rojo neoregelia,Existing,Good,,No,Insufficient data to determine provenance,Existing,Unknown,,Conservatory (Theodore and Kimberly Maged Tropical House),,,,f0e43c88-33e9-4e33-be2d-65810b6bfd96,,Plastic handwritten,,-9313156.4476,5205959.8846
27551,20250321,Prosthechea radiata,"lined petal orchid, flor conchita",Existing,Good,,No,Insufficient data to determine provenance,Existing,Unknown,,Conservatory (Theodore and Kimberly Maged Tropical House),,,,ced1f392-53ee-4861-b948-ec766d34aab0,,Plastic handwritten,,-9313156.0552,5205959.959
27552,20250322,Adiantum hispidulum 'Bronze Venus',Bronze Venus rough maidenhair,Existing,Good,,No,Insufficient data to determine provenance,Existing,Unknown,,Conservatory (Theodore and Kimberly Maged Tropical House),,,,feb86bf2-616a-40f9-8a97-b3788302e1cb,,None,,-9313158.0484,5205957.3361
27553,20250323,Selaginella kraussiana,Krauss' spikemoss,Existing,Good,,No,Insufficient data to determine provenance,Existing,Unknown,,Conservatory (Theodore and Kimberly Maged Tropical House),,,,700729b8-9486-4c6a-a011-f7494ea35b72,,Display,,-9313160.0028,5205954.4389
27554,20250324,Selaginella braunii,Braun's spikemoss,Existing,Good,,No,Insufficient data to determine provenance,Existing,Unknown,,Conservatory (Theodore and Kimberly Maged Tropical House),,,,815f1692-4931-4915-888c-3f134c6cffac,,None,,-9313161.3146,5205957.5581
27556,20250326,Asplenium australasicum,bird's-nest fern,Existing,Good,,No,Insufficient data to determine provenance,Existing,Unknown,,Conservatory (Theodore and Kimberly Maged Tropical House),,,,b3e876d9-bd9a-4bfd-98ea-bfb564d57080,,None,,-9313154.3379,5205932.5701
27557,20183555,Colocasia esculenta,taro,Existing,Good,4/28/2003 12:00:00 AM,No,Insufficient data to determine provenance,Existing,Nursery or other commercial establishment,"Tricker, Inc.",Conservatory (Theodore and Kimberly Maged Tropical House),,,,a1e71951-f55c-43b6-a8ce-26a0827b0a57,,None,,-9313150.1429,5205932.4979
27558,20250327,Elettaria cardamomum,cardamom,Existing,Good,,No,Insufficient data to determine provenance,Existing,Unknown,,Conservatory (Theodore and Kimberly Maged Tropical House),,,,7d368767-c88d-49ff-b3f6-fbafc7755335,,Display,,-9313154.156,5205929.2552
27559,201814479,Stenochlaena tenuifolia,giant vine fern,Existing,Good,8/27/1979 12:00:00 AM,No,Insufficient data to determine provenance,Existing,Unknown,,Conservatory (Theodore and Kimberly Maged Tropical House),,,,c27cfa4d-3afd-4512-9226-bc3bc132e36d,,None,,-9313155.7601,5205933.7575
27560,20250328,Anthurium gracile,red pearls anthurium,Existing,Good,,No,Insufficient data to determine provenance,Existing,Unknown,,Conservatory (Theodore and Kimberly Maged Tropical House),,,,f457bd11-c642-4cab-856a-fd31d09035d3,,Display,,-9313153.0638,5205930.1775
27561,20250329,Pandanus sp.,pandanus,Existing,Good,,No,Insufficient data to determine provenance,Existing,Unknown,,Conservatory (Theodore and Kimberly Maged Tropical House),,,,51b79f43-31c5-4131-8a1c-e13b19cff246,,Display,,-9313152.6585,5205931.235
27562,20184617,Dischidia platyphylla,shingle plant,Existing,Good,5/8/2012 12:00:00 AM,No,Propagule from wild source plant in cultivation,Existing,Botanic Garden or Arboretum,"Makiling NP, Luzon, Phil. HBG 99506",Conservatory (Theodore and Kimberly Maged Tropical House),,,,59075540-56b7-435e-a91f-fc2312c6e7cd,,Metal Name Plate,Branch,-9313153.399,5205929.8982
27563,20250330,Begonia sp.,begonia,Existing,Good,,No,Insufficient data to determine provenance,Existing,Unknown,,Conservatory (Theodore and Kimberly Maged Tropical House),,,,87bf41fb-3838-42d3-8f5e-885d0e1983ad,,None,,-9313156.8976,5205932.3572
27564,20250331,Alternanthera sp.,alternanthera,Existing,Good,,No,Insufficient data to determine provenance,Existing,Unknown,,Conservatory (Theodore and Kimberly Maged Tropical House),,,,b2e16c84-bb24-4777-b6de-9925758b3b8f,,None,,-9313156.3104,5205933.0439
27565,20250332,Saraca indica,asoka tree,Existing,Good,,No,Insufficient data to determine provenance,Existing,Unknown,,Conservatory (Theodore and Kimberly Maged Tropical House),,,,9dd3b0c0-c677-4bf9-b856-1aade869cc73,,Display,,-9313148.417,5205932.6481
27566,20250333,Ficus benghalensis,Indian banyan,Existing,Good,3/18/1980 12:00:00 AM,No,Propagule from wild source plant in cultivation,Plant,Individual,Vijaya Katta,Conservatory (Theodore and Kimberly Maged Tropical House),,,,dbf8c2b1-627b-40cc-ad4d-ae93b49bbb6d,,Display,,-9313154.8837,5205933.5957
27567,20250334,Ochrosia elliptica,scarlet wedge-apple,Existing,Good,,No,Insufficient data to determine provenance,Existing,Unknown,,Conservatory (Theodore and Kimberly Maged Tropical House),,,,e6b6a906-bb74-41de-ba42-58071936eb4d,,Display,,-9313156.2235,5205933.4625
27569,20250336,Mussaenda incana,white mussaenda,Existing,Good,,No,Insufficient data to determine provenance,Existing,Unknown,,Conservatory (Theodore and Kimberly Maged Tropical House),,,,06257fc4-ca5f-4d50-8722-4bd048d18716,,None,,-9313156.3326,5205929.6274
27570,20181695,Asplenium musifolium,bird's-nest fern,Existing,Good,8/27/1979 12:00:00 AM,No,Insufficient data to determine provenance,Existing,Unknown,,Conservatory (Theodore and Kimberly Maged Tropical House),,,,2b1e9b8e-3742-4397-8040-7dbce0093fcf,,Display,,-9313152.3177,5205934.1066
27571,20250337,Psilotum nudum,whisk fern,Existing,Good,1/1/2003 12:00:00 AM,No,Insufficient data to determine provenance,,Botanic Garden or Arboretum,Matthaei Botanical Gardens and Nichols Arboretum,Conservatory (Theodore and Kimberly Maged Tropical House),,,,4a2626b4-7546-4be1-bf05-289e7e98a82a,,None,,-9313155.3035,5205933.9822
27572,20250338,Cymbopogon citratus,lemon grass,Existing,Good,,No,Insufficient data to determine provenance,Existing,Unknown,,Conservatory (Theodore and Kimberly Maged Tropical House),,,,5db778b5-ae66-444a-b0ed-a894806cc235,,None,,-9313156.1957,5205927.9901
27573,20250339,Stanhopea sp.,stanhopea,Existing,Good,,No,Insufficient data to determine provenance,Existing,Unknown,,Conservatory (Theodore and Kimberly Maged Tropical House),,,,23441415-5e25-4bf8-b69f-51c5a8747e7e,,Plastic handwritten,,-9313156.0283,5205933.3859
27574,20250340,Asplenium australasicum,bird's-nest fern,Existing,Good,,No,Insufficient data to determine provenance,Existing,Unknown,,Conservatory (Theodore and Kimberly Maged Tropical House),,,,2cb30466-4ff8-4075-9ccb-b67ed8c2fc54,,None,,-9313153.8101,5205932.0048
27575,20250341,Neoregelia 'Hannibal Lecter',Hannibal Lecter neoregelia,Existing,Good,,No,Insufficient data to determine provenance,Existing,Unknown,,Conservatory (Theodore and Kimberly Maged Tropical House),,,,c3b8a2c2-8e1b-485e-a6d2-d1d05db305d5,,None,,-9313155.5782,5205927.9221
27576,20250342,Caladium sp.,caladium,Existing,Good,,No,Insufficient data to determine provenance,Existing,Unknown,,Conservatory (Theodore and Kimberly Maged Tropical House),,,,3ff04ad8-16b1-4cb7-a55c-0d4f0b2ed80b,,None,,-9313156.4099,5205928.3825
27577,20250343,Amorphophallus konjac,"konjac, konnyaku",Existing,Good,,No,Insufficient data to determine provenance,Existing,Unknown,,Conservatory (Theodore and Kimberly Maged Tropical House),,,,fe61e6bc-6f5a-46b4-b7c0-be96568e7811,2/18/2026 7:32:54 PM,Metal Name Plate,Ground ,-9313166.7516,5205908.6351
27578,20250344,Psilotum nudum,whisk fern,Existing,Good,9/24/1984 12:00:00 AM,No,Insufficient data to determine provenance,Existing,Unknown,,Conservatory (Theodore and Kimberly Maged Tropical House),,,,130345e5-b58d-4e8b-9a3a-143753994fb1,,Display,,-9313162.181,5205935.3495
27579,20250345,Monolena sp.,monolena,Existing,Good,,No,Insufficient data to determine provenance,Existing,Unknown,,Conservatory (Theodore and Kimberly Maged Tropical House),,,,081b50f4-3e31-472d-b547-dceeb2d8855e,,Display,,-9313160.0162,5205934.4682
27580,20250346,Nephrolepis exaltata,Boston sword fern,Existing,Good,,No,Insufficient data to determine provenance,Existing,Unknown,,Conservatory (Theodore and Kimberly Maged Tropical House),,,,1fb1173c-3da9-4966-8aac-e7f5a2e78fe9,,None,,-9313168.03,5205931.5654
27581,20250347,Microsorum musifolium 'Crocodyllus',Crocodyllus crocodile fern,Existing,Good,,No,Insufficient data to determine provenance,Existing,Unknown,,Conservatory (Theodore and Kimberly Maged Tropical House),,,,b7e924fe-1c9a-4631-9547-17ed24cb2561,,None,,-9313163.273,5205934.6321
27582,20250348,Piper magnificum,laquered pepper,Existing,Good,,No,Insufficient data to determine provenance,Existing,Unknown,,Conservatory (Theodore and Kimberly Maged Tropical House),,,,46df5844-9ae6-4de8-a8a1-6ca050ba4463,,None,,-9313160.6905,5205931.5983
27583,201810406,Philodendron melinonii,philodendron,Existing,Good,9/24/1984 12:00:00 AM,No,Insufficient data to determine provenance,Existing,Unknown,,Conservatory (Theodore and Kimberly Maged Tropical House),,,,f3dac8df-37dc-43b6-9b2f-fe0be5d8a8ee,,Display,,-9313163.9906,5205936.545
27584,20184245,Cycas rumphii,queen sago,Existing,Good,4/22/1959 12:00:00 AM,No,Insufficient data to determine provenance,Existing,Municipal department,Agricultural Research Service,Conservatory (Theodore and Kimberly Maged Tropical House),,,,2d3403d0-199d-4325-a30f-7ac6e767fab1,,Display,,-9313167.8084,5205934.5752
27585,20183127,Ceratozamia mexicana,castilla de león,Existing,Good,4/1/1925 12:00:00 AM,No,Insufficient data to determine provenance,Existing,Unknown,,Conservatory (Theodore and Kimberly Maged Tropical House),,,,7cb8a417-8bc2-4cc5-b599-ce46a3453e6c,,Display,,-9313164.782,5205933.8917
27586,20250349,Kigelia africana subsp. africana,sausage tree,Existing,Good,,No,Insufficient data to determine provenance,Existing,Unknown,,Conservatory (Theodore and Kimberly Maged Tropical House),,,,1dcce800-5d84-478c-8f86-cb2edc6568b2,,Metal Name Plate,Branch,-9313164.4473,5205933.1514
27587,20182105,Blechnum brasiliense,Brazilian tree fern,Existing,Good,10/14/2003 12:00:00 AM,No,Insufficient data to determine provenance,Existing,Unknown,,Conservatory (Theodore and Kimberly Maged Tropical House),,,,17924d4b-b5f8-41b8-8b15-c6ff09d732ff,,Display,,-9313163.5282,5205932.118
27590,20250352,Licuala grandis,fan palm,Existing,Good,,No,Insufficient data to determine provenance,Existing,Unknown,,Conservatory (Theodore and Kimberly Maged Tropical House),,,,3f23a478-3808-4449-9e16-b4ef4766540f,,None,,-9313160.6849,5205933.0745
27591,20183303,Cibotium glaucum,hapu'u,Existing,Good,8/4/2005 12:00:00 AM,No,Insufficient data to determine provenance,Existing,Unknown,,Conservatory (Theodore and Kimberly Maged Tropical House),,,,e80d57a1-2e2e-4632-b960-1592fcf4973e,,Display,,-9313163.2802,5205930.7433
27592,20186958,Pachystachys spicata,Brazilian plume,Existing,Good,8/31/1972 12:00:00 AM,No,Insufficient data to determine provenance,Existing,Unknown,,Conservatory (Theodore and Kimberly Maged Tropical House),,,,712baff7-8eb7-46ae-8a63-34745ba96b51,,Metal Name Plate,Ground ,-9313161.1603,5205929.5773
27593,20250353,Mussaenda incana,white mussaenda,Existing,Good,,No,Insufficient data to determine provenance,Existing,Unknown,,Conservatory (Theodore and Kimberly Maged Tropical House),,,,66f1ea97-e446-40e2-8fba-4c72bc68a544,,None,,-9313162.2217,5205932.273
27594,20250354,Begonia 'Little Brother Montgomery',Little Brother Montgomery begonia,Existing,Good,,No,Insufficient data to determine provenance,Existing,Unknown,,Conservatory (Theodore and Kimberly Maged Tropical House),,,,696e088d-5168-4b60-bc6a-e8d583207be5,,None,,-9313164.6355,5205931.1296
27595,20250355,Piper magnificum,laquered pepper,Existing,Good,,No,Insufficient data to determine provenance,Existing,Unknown,,Conservatory (Theodore and Kimberly Maged Tropical House),,,,2b946e6a-1381-4164-897d-d270c560186a,,None,,-9313160.2116,5205932.5865
27596,20250356,Fittonia albivenis 'Minima',Minima nerve plant,Existing,Good,,No,Insufficient data to determine provenance,Existing,Unknown,,Conservatory (Theodore and Kimberly Maged Tropical House),,,,ca65a975-aeb6-4092-a2f3-e8888844bb91,,None,,-9313163.2706,5205936.1421
27597,201810407,Philodendron verrucosum,philodendron,Existing,Good,8/8/1988 12:00:00 AM,No,Insufficient data to determine provenance,Existing,Unknown,University of Michigan,Conservatory (Theodore and Kimberly Maged Tropical House),,,,57481c22-8709-4a60-959a-d5807d60dcc3,,None,,-9313160.224,5205934.012
27598,20250357,Nephrolepis cordifolia,sword fern,Existing,Good,,No,Insufficient data to determine provenance,Existing,Unknown,,Conservatory (Theodore and Kimberly Maged Tropical House),,,,978f7430-00a2-49f1-b845-1eba6745249e,,None,,-9313160.5711,5205930.6331
27599,20250358,Neoregelia 'Kahala Dawn',Kahala Dawn neoregelia,Existing,Good,,No,Insufficient data to determine provenance,Existing,Unknown,,Conservatory (Theodore and Kimberly Maged Tropical House),,,,e5eb76f5-ee39-4504-85a5-ffccdc5a9fd3,,Plastic handwritten,,-9313163.2544,5205929.6302
27600,20250359,Neoregelia 'Yin',Yin neoregelia,Existing,Good,,No,Insufficient data to determine provenance,Existing,Unknown,,Conservatory (Theodore and Kimberly Maged Tropical House),,,,8582f969-fca2-4861-b9b5-6dcdf15c685a,,Plastic handwritten,,-9313163.7629,5205929.4894
27601,20250360,Neoregelia sp.,neoregelia,Existing,Good,,No,Insufficient data to determine provenance,Existing,Unknown,,Conservatory (Theodore and Kimberly Maged Tropical House),,,,32f9d950-cd32-4822-b245-a149a147b79b,,None,,-9313163.4667,5205929.2695
27602,20250361,Caladium sp.,caladium,Existing,Good,,No,Insufficient data to determine provenance,Existing,Unknown,,Conservatory (Theodore and Kimberly Maged Tropical House),,,,8cda5ff5-b5cb-495e-8f93-66af81268aa0,2/21/2025 12:00:00 AM,None,,-9313164.0459,5205935.076
27715,20250474,Tradescantia pallida 'Purpurea',Purpurea purple heart,Existing,Good,,No,Insufficient data to determine provenance,Existing,Unknown,,Conservatory (Theodore and Kimberly Maged Tropical House),,,,a4064cb5-78f2-4cb1-be11-a7e324fa6737,8/19/2024 12:00:00 AM,Metal Name Plate,Ground ,-9313160.802,5205967.5293
27716,20250475,Vriesea hieroglyphica,vriesea,Existing,Good,,No,Insufficient data to determine provenance,Existing,Unknown,,Conservatory (Theodore and Kimberly Maged Tropical House),,,,51d9a88a-485e-48c8-b6e7-7d41aa695a6e,8/19/2024 12:00:00 AM,Metal Name Plate,Ground ,-9313164.0495,5205962.7385
27717,20250476,Philodendron hederaceum var. hederaceum,velvet philodendron,Existing,Good,,No,Insufficient data to determine provenance,Existing,Unknown,,Conservatory (Theodore and Kimberly Maged Tropical House),,,,2ed951cc-07d9-425b-b7cb-e1469253524a,8/19/2024 12:00:00 AM,None,,-9313162.2762,5205968.9764
27718,20250477,Tradescantia spathacea,boat lily,Existing,Good,,No,Insufficient data to determine provenance,Existing,Unknown,,Conservatory (Theodore and Kimberly Maged Tropical House),,,,6d540b1e-be8d-4d88-8064-de380446452e,8/19/2024 12:00:00 AM,Metal Name Plate,Ground ,-9313161.6121,5205962.5338
27719,20250478,Codiaeum sp.,croton,Existing,Good,,No,Insufficient data to determine provenance,Existing,Unknown,,Conservatory (Theodore and Kimberly Maged Tropical House),,,,ee2f6a75-93cc-4ace-b41c-a1df90b5a0bb,8/19/2024 12:00:00 AM,None,,-9313163.0234,5205967.1601
27720,20250479,Pteris parkeri,silver ribbon fern,Existing,Good,,No,Insufficient data to determine provenance,Existing,Unknown,,Conservatory (Theodore and Kimberly Maged Tropical House),,,,8738c148-db63-44d3-a36d-9c88d4b09d32,8/19/2024 12:00:00 AM,None,,-9313160.899,5205968.1819
27721,201811703,Psidium guajava,guava,Existing,Good,9/1/1939 12:00:00 AM,No,Plant of wild source,Existing,University department,University of Michigan,Conservatory (Theodore and Kimberly Maged Tropical House),,Jose V. Santos,"collected 7/1/1939 in Pulilan, Bulacan, Philippines ",3f1e42d9-34ee-4c10-baa4-0c73f9be88b4,8/19/2024 12:00:00 AM,Metal Name Plate,Ground ,-9313162.7862,5205967.3196
27722,20188008,Manilkara zapota,sapodilla,Existing,Good,2/1/1964 12:00:00 AM,No,Insufficient data to determine provenance,Existing,Unknown,,Conservatory (Theodore and Kimberly Maged Tropical House),,,,95c53e22-39dc-4405-9e0a-3b3a6a3e7421,8/19/2024 12:00:00 AM,Metal Name Plate,Branch,-9313162.3997,5205965.4372
27723,20250480,Aphelandra arborea,red aphelandra,Existing,Good,,No,Insufficient data to determine provenance,Existing,Unknown,,Conservatory (Theodore and Kimberly Maged Tropical House),,,,a1d5baa7-9108-4dce-9aab-086c06db524c,8/19/2024 12:00:00 AM,None,,-9313163.9129,5205966.9075
27724,201811174,Platycerium bifurcatum,elkhorn fern,Existing,Good,9/24/1984 12:00:00 AM,No,Insufficient data to determine provenance,Existing,Unknown,,Conservatory (Theodore and Kimberly Maged Tropical House),,,,ec7fa146-1a44-4401-9dc1-e81145da7cfa,8/19/2024 12:00:00 AM,Metal Name Plate,Ground ,-9313160.3955,5205968.7049
27725,20250481,Hydnophytum sp.,ant-plant,Existing,Good,,No,Insufficient data to determine provenance,Existing,Unknown,,Conservatory (Theodore and Kimberly Maged Tropical House),,,,cdd46846-1836-48e9-9a93-cdb0f4f154b8,8/19/2024 12:00:00 AM,None,,-9313162.3892,5205965.1787
27726,20250482,Epipremnum aureum,golden pothos,Existing,Good,,No,Insufficient data to determine provenance,Existing,Unknown,,Conservatory (Theodore and Kimberly Maged Tropical House),,,,db83a9c2-53cd-4ae8-9daa-11c1644dc2c3,8/19/2024 12:00:00 AM,None,,-9313163.4791,5205969.1431
27727,20250483,Caladium sp.,caladium,Existing,Good,,No,Insufficient data to determine provenance,Existing,Unknown,,Conservatory (Theodore and Kimberly Maged Tropical House),,,,11a5ef07-0e10-41ef-b8fd-37394dfba3de,8/19/2024 12:00:00 AM,None,,-9313161.5567,5205968.0596
27728,20250484,Costus pulverulentus,spiral ginger,Existing,Good,,No,Insufficient data to determine provenance,Existing,Unknown,,Conservatory (Theodore and Kimberly Maged Tropical House),,,,498a2c17-c275-49b0-a442-98235d7072bb,11/7/2024 5:10:20 PM,Metal Name Plate,Ground ,-9313144.5862,5205958.8929
27729,20181315,Anthurium bonplandii,anthurium,Existing,Good,4/25/2003 12:00:00 AM,No,Plant of not wild source,,Nursery or other commercial establishment,Goldner Walsh Nursery,Conservatory (Theodore and Kimberly Maged Tropical House),,,,3aa5831b-bada-41f3-8fb4-56c42edaeffa,2/4/2025 6:42:23 PM,Metal Name Plate,Ground ,-9313149.6408,5205953.1417
27730,20181692,Aspidistra elatior,cast-iron plant,Existing,Good,1/1/1917 12:00:00 AM,No,Insufficient data to determine provenance,Existing,Unknown,,Conservatory (Theodore and Kimberly Maged Tropical House),,,,bf68b203-9043-4ca6-a640-d92906e6747d,11/7/2024 5:10:20 PM,None,,-9313148.6059,5205957.7739
27731,20181503,Aristolochia leuconera,pipevine,Existing,Good,9/24/1984 12:00:00 AM,No,Insufficient data to determine provenance,Existing,Unknown,,Conservatory (Theodore and Kimberly Maged Tropical House),,,,b2720643-8956-4f13-ae8b-587513432052,2/4/2025 6:42:23 PM,Metal Name Plate,Ground ,-9313144.9364,5205956.4307
27732,20186170,Hemigraphis angustifolia,hemigraphis,Existing,Good,7/9/1976 12:00:00 AM,No,Plant of not wild source,Existing,Nursery or other commercial establishment,Longwood Gardens,Conservatory (Theodore and Kimberly Maged Tropical House),,,,583d0e61-7f5c-4129-a160-16ef6990f180,11/7/2024 5:10:20 PM,None,,-9313153.3136,5205957.0303
27733,20250485,Aglaonema sp.,aglaonema,Existing,Good,,No,Insufficient data to determine provenance,Existing,Unknown,,Conservatory (Theodore and Kimberly Maged Tropical House),,,,c17a0039-509a-4dca-b906-ae593800b722,11/7/2024 5:10:20 PM,None,,-9313153.7675,5205953.3272
27734,20250486,Philodendron bipinnatifidum,lacy tree philodendron,Existing,Good,,No,Insufficient data to determine provenance,Existing,Unknown,,Conservatory (Theodore and Kimberly Maged Tropical House),,,,fbf97c91-9c86-4414-af03-58b054d7720f,11/7/2024 5:10:20 PM,None,,-9313147.5865,5205954.965
27735,20250487,Alpinia galanga,greater galangal,Existing,Good,,No,Insufficient data to determine provenance,Existing,Unknown,,Conservatory (Theodore and Kimberly Maged Tropical House),,,,4c68b00b-44ca-482d-b486-657080666103,12/3/2024 4:03:59 PM,None,,-9313149.4831,5205952.2979
27736,20250488,Trichostigma peruvianum,trichostigma,Existing,Good,,No,Insufficient data to determine provenance,Existing,Unknown,,Conservatory (Theodore and Kimberly Maged Tropical House),,,,85b07f1d-c41a-477b-9e78-deb9d5d67c17,12/2/2024 4:48:52 PM,None,,-9313148.5592,5205951.7141
27737,20250489,Thunbergia battiscombei,blue clock vine,Existing,Good,,No,Plant of not wild source,Existing,Nursery or other commercial establishment,Top Tropicals,Conservatory (Theodore and Kimberly Maged Tropical House),,,,4ee4d03d-cef2-4e85-9d48-cbbe4048d61d,12/2/2024 5:11:45 PM,Metal Name Plate,Ground ,-9313153.1402,5205953.0125
27738,20186027,Heliconia vellerigera,furry heliconia,Existing,Good,10/25/1976 12:00:00 AM,No,Insufficient data to determine provenance,Existing,Botanic Garden or Arboretum,Longwood Gardens,Conservatory (Theodore and Kimberly Maged Tropical House),,,,d40ad1d0-dd90-43a2-8f69-dd112eed928e,11/7/2024 5:10:20 PM,None,,-9313150.3061,5205955.9298
27739,201816500,Zamia pumila,Florida arrowroot,Existing,Good,4/29/2003 12:00:00 AM,No,Plant of not wild source,Existing,Nursery or other commercial establishment,Frank's Nursery & Crafts,Conservatory (Theodore and Kimberly Maged Tropical House),,,,46c60dec-73ce-493e-8089-1cf581ba2ee1,2/4/2025 6:42:23 PM,Metal Name Plate,Ground ,-9313152.2873,5205957.1158
27740,20188267,Musa acuminata 'Gros Michel',Gros Michel banana,Existing,Good,9/10/1910 12:00:00 AM,No,Insufficient data to determine provenance,Existing,Botanic Garden or Arboretum,Missouri Botanical Garden,Conservatory (Theodore and Kimberly Maged Tropical House),,,,a076a04d-3775-42dd-954a-5e98920c9104,12/17/2024 5:36:37 PM,Metal Name Plate,Ground ,-9313153.5072,5205953.7213
27741,20250490,Kigelia africana subsp. africana,sausage tree,Existing,Good,,No,Insufficient data to determine provenance,Existing,Unknown,,Conservatory (Theodore and Kimberly Maged Tropical House),,,,819724d8-d2da-4000-a9fd-1c76240de77e,12/11/2024 7:56:34 PM,Metal Name Plate,Branch,-9313150.141,5205955.4592
27742,20181134,Anacardium occidentale,cashew,Existing,Good,,No,Plant of not wild source,Existing,Nursery or other commercial establishment,Top Tropicals,Conservatory (Theodore and Kimberly Maged Tropical House),,,,4e96f3a1-4844-48b4-b0ae-e767ca1127ec,12/2/2024 5:12:14 PM,None,,-9313145.4044,5205953.1064
27743,20250491,Goeppertia zebrina,zebra plant,Existing,Good,,No,Insufficient data to determine provenance,Existing,Unknown,,Conservatory (Theodore and Kimberly Maged Tropical House),,,,df8ed05d-037a-4323-871a-78583e834f5d,11/7/2024 5:10:20 PM,Metal Name Plate,Ground ,-9313151.2461,5205956.539
27744,20250492,Spathiphyllum wallisii,peace lily,Existing,Good,,No,Insufficient data to determine provenance,Existing,Unknown,,Conservatory (Theodore and Kimberly Maged Tropical House),,,,921c05ce-7601-474b-bb2f-e3ea0807c9e0,11/7/2024 5:44:20 PM,None,,-9313150.9271,5205954.7054
27745,20250493,Chlorophytum comosum,spider plant,Existing,Good,,No,Insufficient data to determine provenance,Existing,Unknown,,Conservatory (Theodore and Kimberly Maged Tropical House),,,,da033fd7-e2e9-4deb-ac0b-9fc6be545ac8,12/17/2024 6:42:50 PM,None,,-9313151.6348,5205952.4755
27746,20250494,Seemannia sylvatica,gloxinia,Existing,Good,10/10/2012 12:00:00 AM,No,Plant of not wild source,Plant,Nursery or other commercial establishment,Top Tropicals,Conservatory (Theodore and Kimberly Maged Tropical House),,,,6bc277f2-48ea-42ab-812a-0ec9cc7af61b,12/2/2024 5:11:30 PM,None,,-9313152.5098,5205953.1281
27747,20250495,Adiantum hispidulum 'Bronze Venus',Bronze Venus rough maidenhair,Existing,Good,,No,Insufficient data to determine provenance,Existing,Unknown,,Conservatory (Theodore and Kimberly Maged Tropical House),,,,be42cdb4-97de-4c66-a883-0e2908e4d50b,12/17/2024 5:49:09 PM,None,,-9313153.3537,5205956.5255
27748,20250496,Procris repens,"rainbow vine, trailing watermelon begonia",Existing,Good,,No,Insufficient data to determine provenance,Existing,Unknown,,Conservatory (Theodore and Kimberly Maged Tropical House),,,,5c439c75-c2f5-4ca9-9b1e-d063db10e6e3,12/17/2024 5:52:29 PM,None,,-9313153.4524,5205957.2782
27749,20250497,Neoregelia 'Painted Delight',Painted Delight neoregelia,Existing,Good,,No,Insufficient data to determine provenance,Existing,Unknown,,Conservatory (Theodore and Kimberly Maged Tropical House),,,,071d74fb-d834-4b66-830e-f04d3e433143,12/17/2024 5:55:58 PM,None,,-9313152.7917,5205958.3583
27750,20250498,Paphiopedilum sp.,slipper orchid,Existing,Good,,No,Insufficient data to determine provenance,Existing,Unknown,,Conservatory (Theodore and Kimberly Maged Tropical House),,,,17afc448-59f5-44df-94ee-c9656f6fc787,12/17/2024 5:55:39 PM,None,,-9313152.8914,5205959.1562
27751,20250499,Neoregelia 'Maggie's Pride',Maggie's Pride neoregelia,Existing,Good,,No,Insufficient data to determine provenance,Existing,Unknown,,Conservatory (Theodore and Kimberly Maged Tropical House),,,,da6a432d-a124-40d3-a989-0c1219f6b851,12/17/2024 5:57:07 PM,None,,-9313152.3051,5205959.3889
27752,20250500,Epidendrum ciliare,fringed star orchid,Existing,Good,,No,Insufficient data to determine provenance,Existing,Unknown,,Conservatory (Theodore and Kimberly Maged Tropical House),,,,dbaebfff-9888-440d-b023-a7ce781bf8cc,12/17/2024 5:58:58 PM,None,,-9313152.0503,5205959.9417
27753,20250501,Neoregelia sp.,neoregelia,Existing,Good,,No,Insufficient data to determine provenance,Existing,Unknown,,Conservatory (Theodore and Kimberly Maged Tropical House),,,,231f639a-756b-4d3a-bf0b-2cf8b0ff68a3,12/17/2024 6:11:30 PM,None,,-9313148.7778,5205958.8318
27754,20250502,Oncidium Illustre 'Matthaei',Matthaei Illustre oncidium,Existing,Good,,No,Insufficient data to determine provenance,Existing,Unknown,,Conservatory (Theodore and Kimberly Maged Tropical House),,,,282603bf-86c8-4c1a-b6e5-c1b3b1c4deab,,,,-9313148.7708,5205959.4804
27755,20250503,Dendrobium moschatum,musky-smelling dendrobium,Existing,Good,,No,Insufficient data to determine provenance,Existing,Unknown,,Conservatory (Theodore and Kimberly Maged Tropical House),,,,cdcd71d7-005b-4ec4-b36c-1266312fcbda,12/17/2024 6:08:02 PM,None,,-9313151.1016,5205959.8082
27756,20250504,Coelogyne nervosa,nerved coelogyne,Existing,Good,,No,Insufficient data to determine provenance,Existing,Unknown,,Conservatory (Theodore and Kimberly Maged Tropical House),,,,4670aed8-5f54-4158-add6-c0841e261408,11/11/2024 5:00:16 PM,None,,-9313150.0343,5205959.7255
27757,20250505,Angraecum eburneum subsp. giryamae,,Existing,Good,,No,Insufficient data to determine provenance,Existing,Unknown,,Conservatory (Theodore and Kimberly Maged Tropical House),,,,4cda20d6-cbf1-4849-acbe-88eb821fab7f,12/17/2024 6:10:22 PM,None,,-9313148.1814,5205959.5482
27758,20250506,Neoregelia sp.,neoregelia,Existing,Good,,No,Insufficient data to determine provenance,Existing,Unknown,,Conservatory (Tropical house),,,,8dae67f2-6834-4b7b-8374-b84878d5d98b,12/17/2024 6:00:03 PM,None,,-9313151.8954,5205958.823
27759,20250507,Pitcairnia flammea,flame bromeliad,Existing,Good,,No,Insufficient data to determine provenance,Existing,Unknown,,Conservatory (Theodore and Kimberly Maged Tropical House),,,,d58e5664-8de3-4a74-847c-ab1dc49b9a84,11/11/2024 3:03:56 PM,None,,-9313150.3426,5205959.0425
27760,20250508,Neoregelia sp.,neoregelia,Existing,Good,,No,Insufficient data to determine provenance,Existing,Unknown,,Conservatory (Tropical house),,,,f4f8cea0-0ba4-4878-9d5b-fa270b3c5bee,12/17/2024 6:00:47 PM,None,,-9313151.6511,5205959.1605
27805,201816502,Zamia pygmaea,"dwarf zamia, guayaro",Existing,Poor,6/2/1998 12:00:00 AM,No,Insufficient data to determine provenance,Existing,Unknown,,Conservatory (Theodore and Kimberly Maged Tropical House),,,,240c5ce0-14ea-4c1a-ab67-490f1364d2d4,2/4/2025 6:42:23 PM,None,,-9313157.4433,5205951.504
27806,20250553,Alpinia zerumbet,shell ginger,Existing,Good,,No,Insufficient data to determine provenance,Existing,Botanic Garden or Arboretum,Anna Scripps Whitcomb Conservatory,Conservatory (Theodore and Kimberly Maged Tropical House),,,,ca3870eb-363a-44ce-9b5a-ad10cfe45508,2/4/2025 6:42:23 PM,Metal Name Plate,Ground ,-9313159.8531,5205949.1486
27807,20186358,Huperzia squarrosa,tassel rock fern,Existing,Good,2/11/2004 12:00:00 AM,No,Insufficient data to determine provenance,Existing,University department,Florida International University,Conservatory (Theodore and Kimberly Maged Tropical House),,,,07e9473b-5da0-4d33-a89b-6a0cd1fc0eb0,9/9/2024 4:00:07 PM,Metal Name Plate,Ground ,-9313161.3555,5205948.3184
27808,20250554,Trimezia northiana,walking iris,Existing,Good,,No,Insufficient data to determine provenance,Existing,Unknown,,Conservatory (Theodore and Kimberly Maged Tropical House),,,,ba58d188-7c04-4efc-947f-fc16155e3e27,9/18/2024 6:29:47 PM,Metal Name Plate,Ground ,-9313161.9426,5205946.5995
27809,20250555,Fittonia albivenis 'Minima',Minima nerve plant,Existing,Good,,No,Insufficient data to determine provenance,Existing,Unknown,,Conservatory (Theodore and Kimberly Maged Tropical House),,,,307d664c-182e-42f0-a9f2-dafd7eb85f29,9/18/2024 6:29:47 PM,Metal Name Plate,Ground ,-9313162.6895,5205942.7011
27810,201814769,Tacca chantrieri,batflower,Existing,Good,4/2/2003 12:00:00 AM,No,Insufficient data to determine provenance,Existing,Nursery or other commercial establishment,Goldner Walsh Nursery,Conservatory (Theodore and Kimberly Maged Tropical House),,,,3abf1e46-aae2-4075-adbe-65e91980f92f,2/4/2025 6:42:23 PM,Metal Name Plate,Ground ,-9313160.0962,5205944.6491
27811,201810408,Philodendron xanadu,philodendron,Existing,Good,1/1/2003 12:00:00 AM,No,Insufficient data to determine provenance,Existing,Nursery or other commercial establishment,Christensen's Wholesale Nursery,Conservatory (Theodore and Kimberly Maged Tropical House),,,,d7534868-68c3-40d5-a2da-70096010c58d,9/18/2024 6:29:47 PM,Metal Name Plate,Ground ,-9313162.0841,5205938.7284
27812,20184564,Dioon edule,chestnut dioon,Existing,Good,9/1/1910 12:00:00 AM,No,Insufficient data to determine provenance,Existing,Botanic Garden or Arboretum,Missouri Botanical Garden,Conservatory (Theodore and Kimberly Maged Tropical House),,,,31a2041b-c53b-4d4e-a411-58ab0819aa79,2/4/2025 6:42:23 PM,Metal Name Plate,Ground ,-9313161.0262,5205938.2824
27813,20250556,Tradescantia spathacea,boat lily,Existing,Good,,No,Insufficient data to determine provenance,Existing,Unknown,,Conservatory (Theodore and Kimberly Maged Tropical House),,,,042d2d0e-543a-48f2-b70a-2a673abff0a1,9/18/2024 6:29:47 PM,Metal Name Plate,Ground ,-9313161.0825,5205937.176
27814,20182246,Goeppertia roseopicta 'Royale',Royale calathea,Existing,Good,4/2/2003 12:00:00 AM,No,Insufficient data to determine provenance,Existing,Nursery or other commercial establishment,Goldner Walsh Nursery,Conservatory (Theodore and Kimberly Maged Tropical House),,,,aa0cc95e-dd97-4c89-a44c-eb11b47cd099,12/17/2024 6:29:09 PM,Metal Name Plate,Ground ,-9313159.218,5205938.2216
27815,20180836,Aglaonema commutatum 'Malay Beauty',Malay Beauty aglaonema,Existing,Good,4/30/2003 12:00:00 AM,No,Insufficient data to determine provenance,Existing,Unknown,,Conservatory (Theodore and Kimberly Maged Tropical House),,,,d09dd6cd-8acc-4398-a5e5-44928c9584a3,2/4/2025 6:42:23 PM,Metal Name Plate,Ground ,-9313158.4045,5205947.2584
27816,20250557,Campyloneurum phyllitidis,ribbon fern,Existing,Good,,No,Insufficient data to determine provenance,Existing,Unknown,,Conservatory (Theodore and Kimberly Maged Tropical House),,,,d8f132da-ddc3-431d-b791-41f89676cbf5,9/9/2024 4:00:07 PM,Metal Name Plate,Ground ,-9313158.1907,5205945.6862
27817,201813442,Ruellia makoyana,trailing velvet plant,Existing,Good,11/10/1972 12:00:00 AM,No,Insufficient data to determine provenance,Existing,Botanic Garden or Arboretum,Kingwood Center,Conservatory (Theodore and Kimberly Maged Tropical House),,,,dd35c4f1-d492-432e-9837-5e2eee71d0ba,9/18/2024 6:29:47 PM,Metal Name Plate,Ground ,-9313162.3132,5205941.7799
27818,201814437,Stangeria eriopus,Stanger's cycad,Existing,Good,2/21/1985 12:00:00 AM,No,Insufficient data to determine provenance,Existing,University department,University of Michigan,Conservatory (Theodore and Kimberly Maged Tropical House),,,,e438a8f6-a1df-4c1f-a946-c86a3c6f0fb8,9/18/2024 6:29:47 PM,Metal Name Plate,Ground ,-9313162.6591,5205941.1345
27819,201816525,Zingiber spectabile,beehive ginger,Existing,Good,10/30/1978 12:00:00 AM,No,Plant of wild source,Existing,Staff of the botanic garden to which the record system applies,Jane LaRue,Conservatory (Theodore and Kimberly Maged Tropical House),,Jane LaRue,collected 1/10/1978 in Costa Rica,993d9b62-9692-4bbe-80c4-4a9f33bc7a95,2/4/2025 6:42:23 PM,Metal Name Plate,Ground ,-9313160.2424,5205943.4022
27820,20250558,Zamia integrifolia,coontie palm,Existing,Good,,No,Insufficient data to determine provenance,Existing,Unknown,,Conservatory (Theodore and Kimberly Maged Tropical House),,,,78db06f1-54a5-4d9a-b57b-0c8116132328,9/18/2024 6:29:47 PM,Metal Name Plate,Ground ,-9313159.7032,5205936.4741
27821,20250494,Seemannia sylvatica,gloxinia,Existing,Good,10/10/2012 12:00:00 AM,No,Plant of not wild source,Plant,Nursery or other commercial establishment,Top Tropicals,Conservatory (Theodore and Kimberly Maged Tropical House),,,,fa3aa182-330f-4f11-9020-e450169c416c,12/2/2024 5:00:54 PM,None,,-9313159.3731,5205938.6387
27822,20250559,Procris repens,"rainbow vine, trailing watermelon begonia",Existing,Good,,No,Insufficient data to determine provenance,Existing,Unknown,,Conservatory (Theodore and Kimberly Maged Tropical House),,,,325d4e2d-eefa-40ad-b624-074ad2812fc5,2/4/2025 6:42:23 PM,Metal Name Plate,Ground ,-9313157.2653,5205951.0754
27823,20250560,Crossandra infundibuliformis,firecracker flower,Existing,Good,,No,Insufficient data to determine provenance,Existing,Unknown,,Conservatory (Theodore and Kimberly Maged Tropical House),,,,e52a2a15-15c3-4dfe-8b8b-9a51279e8600,9/18/2024 6:29:47 PM,None,,-9313162.2187,5205945.0406
27824,20250561,Pilea cadierei,aluminum plant,Existing,Good,,No,Insufficient data to determine provenance,Existing,Unknown,,Conservatory (Theodore and Kimberly Maged Tropical House),,,,dcf27b29-94e8-46c7-b972-a8bd8b9930dc,10/30/2024 2:35:23 PM,None,,-9313160.4094,5205950.3251
27825,20250562,Caryota urens,fishtail palm,Existing,Good,,No,Insufficient data to determine provenance,Existing,Unknown,,Conservatory (Theodore and Kimberly Maged Tropical House),,,,dba9493d-f2f7-4d67-a268-bf894b3c6a90,9/9/2024 4:00:07 PM,Metal Name Plate,Ground ,-9313157.8872,5205951.1989
27826,20250563,Wrightia religiosa,water jasmine,Existing,Good,,No,Insufficient data to determine provenance,Existing,Unknown,Top Tropicals,Conservatory (Theodore and Kimberly Maged Tropical House),,,,4e6131cf-464f-4398-b957-5078cd871abc,12/2/2024 4:51:26 PM,Metal Name Plate,Ground ,-9313159.4435,5205950.4008
27827,20250564,Ceiba speciosa,silk floss tree,Existing,Good,,No,Insufficient data to determine provenance,Existing,Unknown,,Conservatory (Theodore and Kimberly Maged Tropical House),,,,74d2eb7c-0b44-4f9c-b20c-f024542e936c,12/2/2024 4:50:31 PM,Metal Name Plate,Ground ,-9313159.4924,5205950.8164
27828,20250565,Radermachera 'Kunming',Kunming dwarf tree jasmine,Existing,Good,10/10/2012 12:00:00 AM,No,Plant of not wild source,Plant,Nursery or other commercial establishment,Top Tropicals,Conservatory (Theodore and Kimberly Maged Tropical House),,,,a6f58958-8638-43ca-bb6b-bfbc0551d923,12/17/2024 6:22:50 PM,Metal Name Plate,Ground ,-9313160.9981,5205949.4164
27829,20250566,Dioon spinulosum,giant dioon,Existing,Good,6/26/1931 12:00:00 AM,No,Insufficient data to determine provenance,Existing,Botanic Garden or Arboretum,Smith College Botanical Garden,Conservatory (Theodore and Kimberly Maged Tropical House),,,,7aee72c0-32c1-425d-89df-faeec9b94c9e,2/4/2025 6:42:23 PM,Metal Name Plate,Ground ,-9313159.8806,5205946.3995
27830,20250567,Lawsonia inermis,"hina, henna tree",Existing,Good,,No,Insufficient data to determine provenance,Existing,Unknown,,Conservatory (Theodore and Kimberly Maged Tropical House),,,,dc008df0-5e27-416b-a1a4-086fb44f4446,9/18/2024 6:29:47 PM,Metal Name Plate,Ground ,-9313161.8653,5205943.2989
27831,20250568,Juanulloa mexicana,gold finger,Existing,Good,,No,Insufficient data to determine provenance,Existing,Unknown,,Conservatory (Theodore and Kimberly Maged Tropical House),,,,64d19a7b-4eb8-4981-8a3e-a1cadb31f462,9/18/2024 6:29:47 PM,Metal Name Plate,Branch,-9313160.7262,5205942.8819
27832,20250569,Gnetum gnemon,"melinjo, gnetum",Existing,Good,,No,Insufficient data to determine provenance,Existing,Unknown,,Conservatory (Theodore and Kimberly Maged Tropical House),,,,5f894c97-27ed-41b3-8b59-d11eead12bc4,9/18/2024 6:29:47 PM,Metal Name Plate,Ground ,-9313161.8652,5205939.3737
27833,20250570,Persea americana,avocado,Existing,Good,,No,Insufficient data to determine provenance,Existing,Unknown,,Conservatory (Theodore and Kimberly Maged Tropical House),,,,b847b357-bc3e-473d-b3ff-c5f892aea9b6,9/18/2024 6:29:47 PM,Metal Name Plate,Ground ,-9313160.3576,5205937.9099
27834,20185260,Ficus religiosa,peepul tree,Existing,Good,7/5/1962 12:00:00 AM,No,Insufficient data to determine provenance,Existing,Nursery or other commercial establishment,Park Seed Co.,Conservatory (Theodore and Kimberly Maged Tropical House),,,,d0e202e8-e9cc-4901-b2d0-8f069a433f88,2/4/2025 6:42:23 PM,Metal Name Plate,Ground ,-9313160.3876,5205940.7379
27835,20250571,Rotheca myricoides,"blue butterfly bush, cat's whiskers",Existing,Good,,No,Insufficient data to determine provenance,Existing,Unknown,,Conservatory (Theodore and Kimberly Maged Tropical House),,,,bff4c26f-b80b-475d-9805-81f8538b31e5,9/18/2024 6:29:47 PM,Metal Name Plate,Ground ,-9313158.7302,5205943.6938
27836,20250572,Rotheca myricoides,"blue butterfly bush, cat's whiskers",Existing,Good,,No,Insufficient data to determine provenance,Existing,Unknown,,Conservatory (Theodore and Kimberly Maged Tropical House),,,,f86faf05-e120-40f1-b642-52c0c2b894dc,9/18/2024 6:29:47 PM,None,,-9313159.0958,5205941.5521
27837,20250573,Dioon sp.,dioon,Existing,Good,8/29/1930 12:00:00 AM,No,Plant of wild source,Existing,University department,University of Michigan,Conservatory (Theodore and Kimberly Maged Tropical House),,Harley Harris Bartlett,"collected 8/1/1930 in Marmolejo, Tamaulipas, Mexico",9fd9bc76-0da8-4657-9a2b-a18d190772d9,2/4/2025 6:42:23 PM,None,,-9313157.8402,5205949.4666
27838,20250574,Nepenthes hybrid,hybrid pitcher plant,Existing,Good,,No,Insufficient data to determine provenance,Existing,Unknown,,Conservatory (Theodore and Kimberly Maged Tropical House),,,,dad07a80-679c-4bcc-845e-a976a2f9e348,9/18/2024 6:29:47 PM,Metal Name Plate,Ground ,-9313161.7642,5205944.17
27839,20183126,Ceratozamia hildae,bamboo cycad,Existing,Good,10/24/1985 12:00:00 AM,No,Insufficient data to determine provenance,Existing,Individual,Jerry Meislik,Conservatory (Theodore and Kimberly Maged Tropical House),,,,698d7d66-3f84-4502-9ecf-3758dadb22b7,2/4/2025 6:42:23 PM,Metal Name Plate,Ground ,-9313160.5132,5205939.5354
27840,20250575,Pentas lanceolata,star flower,Existing,Good,,No,Insufficient data to determine provenance,Existing,Unknown,,Conservatory (Theodore and Kimberly Maged Tropical House),,,,fac0ecd8-3d64-42b2-913a-662f271cc3e1,9/18/2024 6:29:47 PM,None,,-9313162.5173,5205940.2315
27841,20250576,Selaginella braunii,Braun's spikemoss,Existing,Good,,No,Insufficient data to determine provenance,Existing,Unknown,,Conservatory (Theodore and Kimberly Maged Tropical House),,,,d594b155-3fc1-4718-8163-97bb1dcb3cdf,9/18/2024 6:29:47 PM,None,,-9313161.6651,5205937.7185
27865,20188009,Maranta leuconeura,prayer plant,Existing,Good,7/9/1976 12:00:00 AM,No,Insufficient data to determine provenance,Existing,Nursery or other commercial establishment,Longwood Gardens,Conservatory (Theodore and Kimberly Maged Tropical House),,,,1da6acec-8ce3-43d9-8b76-946b8945e381,9/24/2024 4:04:31 PM,Metal Name Plate,Ground ,-9313163.7419,5205951.0644
27866,20181314,Anthurium andraeanum,flamingo-lily,Existing,Good,8/3/1994 12:00:00 AM,No,Insufficient data to determine provenance,Existing,Individual,Whitcomb Estate,Conservatory (Theodore and Kimberly Maged Tropical House),,,,91646126-7e3b-443d-86f8-55cfabfea091,2/4/2025 6:42:23 PM,Metal Name Plate,Ground ,-9313165.0236,5205949.9681
27867,20250600,Aglaonema 'Silver King',Silver King aglaonema,Existing,Good,,No,Insufficient data to determine provenance,Existing,Unknown,,Conservatory (Theodore and Kimberly Maged Tropical House),,,,1448a19e-fad1-400d-a28e-7349e5de87bd,9/24/2024 1:36:19 PM,Metal Name Plate,Ground ,-9313165.1822,5205945.9784
27868,20250601,Rhipsalis baccifera subsp. horrida,mistletoe cactus,Existing,Poor,,No,Insufficient data to determine provenance,Existing,Unknown,,Conservatory (Theodore and Kimberly Maged Tropical House),,,,0e3e8157-81bd-4d19-9f36-85cab05e1da2,9/24/2024 1:36:19 PM,None,,-9313164.6301,5205941.2448
27869,20188402,Neoregelia olens 'Vulcan',Vulcan neoregelia,Existing,Good,2/6/2012 12:00:00 AM,No,Insufficient data to determine provenance,Existing,Unknown,,Conservatory (Theodore and Kimberly Maged Tropical House),,,,da0b7669-1df4-46e3-afe6-a75d0d32fdbc,9/24/2024 2:15:05 PM,None,,-9313164.5816,5205941.9478
27870,20250602,Vriesea vagans,vriesea,Existing,Good,,No,Insufficient data to determine provenance,Existing,Unknown,,Conservatory (Theodore and Kimberly Maged Tropical House),,,,3c3476fd-c2e1-4fcf-8da8-3ec9d54f5063,9/24/2024 2:15:05 PM,None,,-9313164.6062,5205942.5175
27871,20187998,Malvaviscus arboreus,wax mallow,Existing,Good,,No,Insufficient data to determine provenance,Existing,Unknown,,Conservatory (Theodore and Kimberly Maged Tropical House),,,,0d3901f9-a18f-470a-873c-866e5082f5dd,9/24/2024 2:15:05 PM,Metal Name Plate,Ground ,-9313164.589,5205939.0777
27872,20188129,Microgramma lycopodioides,clubmoss snakefern,Existing,Poor,9/15/2011 12:00:00 AM,No,Insufficient data to determine provenance,Existing,Unknown,,Conservatory (Theodore and Kimberly Maged Tropical House),,,,408046a1-736d-42d5-8bdc-a281a8cdeabc,9/24/2024 2:15:05 PM,None,,-9313166.6855,5205948.7457
27873,201810405,Philodendron 'Lynette',Lynette philodendron,Existing,Good,9/16/1986 12:00:00 AM,No,Insufficient data to determine provenance,Existing,Nursery or other commercial establishment,Glasshouse Works Greenhouses,Conservatory (Theodore and Kimberly Maged Tropical House),,,,683787fa-7e15-4c4f-97d2-f27935dfc78a,9/24/2024 2:15:05 PM,None,,-9313165.6549,5205944.1738
27874,20183528,Codonanthe carnosa,,Existing,Good,6/18/2012 12:00:00 AM,No,Insufficient data to determine provenance,Existing,Unknown,,Conservatory (Theodore and Kimberly Maged Tropical House),,,,2fb2531c-c797-408c-8615-957a79176352,9/24/2024 2:15:05 PM,None,,-9313164.7758,5205940.6551
27875,20250603,Elaphoglossum peltatum f. standleyi,fan fern,Existing,Poor,,No,Insufficient data to determine provenance,Existing,Unknown,,Conservatory (Theodore and Kimberly Maged Tropical House),,,,abbe46c9-b6a8-4d33-9811-8d8104f11cf4,9/24/2024 2:15:05 PM,None,,-9313165.0399,5205941.7913
27876,20250604,Macleania smithiana,tropical blueberry,Existing,Good,,No,Insufficient data to determine provenance,Existing,Unknown,,Conservatory (Theodore and Kimberly Maged Tropical House),Epiphyte log,,,32abe9a2-b2a8-474d-86fb-0000351f7454,9/24/2024 2:15:05 PM,Metal Name Plate,Ground ,-9313164.5496,5205940.1294
27877,20250605,Clerodendrum minahassae,fountain clerodendron,Existing,Good,,No,Insufficient data to determine provenance,Existing,Unknown,,Conservatory (Theodore and Kimberly Maged Tropical House),,,,2ea812e4-5342-4641-8360-cf07057d35ad,9/24/2024 2:30:11 PM,Metal Name Plate,Ground ,-9313164.5745,5205952.1557
27878,20186542,Ilex paraguariensis,mate,Existing,Good,4/21/1978 12:00:00 AM,No,Insufficient data to determine provenance,Existing,Botanic Garden or Arboretum,Longwood Gardens,Conservatory (Theodore and Kimberly Maged Tropical House),,,,7287b2ce-2d04-409b-a1c4-7a13250fbdcf,2/4/2025 6:42:23 PM,Metal Name Plate,Ground ,-9313165.4304,5205946.9044
27879,201815077,Theobroma cacao,cacao,Existing,Good,11/17/1980 12:00:00 AM,No,Insufficient data to determine provenance,Existing,Botanic Garden or Arboretum,"Hershey (Chocolate Co.) Nursery  Herco, Inc.",Conservatory (Theodore and Kimberly Maged Tropical House),,,,5ab74340-0aa5-4a20-8121-4edcb674472d,2/4/2025 6:42:23 PM,Metal Name Plate,Branch,-9313165.7282,5205945.133
27880,20250606,Clusia rosea,balsam apple,Existing,Good,,No,Insufficient data to determine provenance,Existing,Unknown,,Conservatory (Theodore and Kimberly Maged Tropical House),,,,5c6f9e4a-f920-44c5-9692-d3d9e16e3586,2/4/2025 6:42:23 PM,Metal Name Plate,Ground ,-9313165.1416,5205940.212
27881,20184618,Dischidia platyphylla,shingle plant,Existing,Poor,10/13/2011 12:00:00 AM,No,Insufficient data to determine provenance,Existing,Unknown,,Conservatory (Theodore and Kimberly Maged Tropical House),,,,f03f3af0-988f-4763-a388-ac657090b715,9/24/2024 3:40:16 PM,Metal Name Plate,Branch,-9313164.5369,5205939.8407
27883,201812286,Rhapidophyllum hystrix,needle palm,Existing,Good,1/1/1917 12:00:00 AM,No,Plant of wild source,Existing,University department,University of Michigan,Conservatory (Theodore and Kimberly Maged Tropical House),,Harley Harris Bartlett,"collected 1/1/1915 in Castleberry, Alabama",42a7dc89-f614-4218-9f9c-355da7f56176,9/24/2024 3:40:16 PM,Metal Name Plate,Ground ,-9313166.6611,5205940.3499
27884,20183237,Chamaedorea metallica,metal palm,Existing,Good,2/17/2004 12:00:00 AM,No,Plant of not wild source,Existing,Nursery or other commercial establishment,Goldner Walsh Nursery,Conservatory (Theodore and Kimberly Maged Tropical House),,,,768bf050-d4c3-4eb2-8aff-2b3145278363,2/4/2025 6:42:23 PM,Metal Name Plate,Ground ,-9313164.2044,5205937.4709
27885,20250608,Microgramma sp.,vine fern,Existing,Good,,No,Insufficient data to determine provenance,Existing,Unknown,,Conservatory (Theodore and Kimberly Maged Tropical House),,,,2151b61b-711b-4775-a078-9ad8f96cff11,9/24/2024 3:40:16 PM,None,,-9313164.9617,5205941.0631
27886,20250609,Tacca chantrieri,batflower,Existing,Good,,No,Insufficient data to determine provenance,Existing,Unknown,,Conservatory (Theodore and Kimberly Maged Tropical House),,,,7975d47b-93cf-4073-95b0-635bc3bf5c7f,9/24/2024 4:41:59 PM,None,,-9313164.6844,5205948.4697
27887,20250610,Squamellaria kajewskii,ant-plant,Existing,Good,,No,Insufficient data to determine provenance,Existing,Unknown,,Conservatory (Theodore and Kimberly Maged Tropical House),,,,0e49b309-ed88-43a0-9359-8446d4d6d53a,9/24/2024 4:42:50 PM,Metal Name Plate,Branch,-9313167.2192,5205944.0749
27888,20250611,Bulbophyllum clipeibulbum,bulbophyllum,Existing,Poor,,No,Insufficient data to determine provenance,Existing,Unknown,,Conservatory (Theodore and Kimberly Maged Tropical House),,,,6691506d-25b5-4c2c-8bb1-80edca6f0b08,9/24/2024 4:43:21 PM,Metal Name Plate,Ground ,-9313167.3312,5205943.2164
27889,20250612,Nematanthus sp.,nematanthus,Existing,Good,,No,Insufficient data to determine provenance,Existing,Individual,Frank Omelion,Conservatory (Theodore and Kimberly Maged Tropical House),,,,65a7e28e-94dd-4474-9065-5d4c8df8c5f8,12/3/2024 4:57:03 PM,Metal Name Plate,Ground ,-9313160.3352,5205933.5864
27890,20250613,Hydnophytum sp.,ant-plant,Existing,Good,,No,Insufficient data to determine provenance,Existing,Unknown,,Conservatory (Theodore and Kimberly Maged Tropical House),,,,8453664d-afed-4606-b23e-37edbf0c8a3c,3/17/2025 3:31:51 PM,None,,-9313167.06,5205946.3205
27930,20185005,Urceolina ×grandiflora,Amazon lily,Existing,Good,3/17/2003 12:00:00 AM,No,Insufficient data to determine provenance,Existing,Nursery or other commercial establishment,Logee Greenhouses,Conservatory (Theodore and Kimberly Maged Tropical House),,,,1d60bcc0-3a15-4f7e-9c39-9b19f163089b,2/4/2025 6:42:23 PM,Metal Name Plate,Ground ,-9313153.7657,5205950.5831
27931,20181808,Begonia 'Art Hodes',Art Hodes begonia,Existing,Good,10/14/2003 12:00:00 AM,No,Insufficient data to determine provenance,Existing,University department,"University of Michigan, Dearborn",Conservatory (Theodore and Kimberly Maged Tropical House),,,,867bc1ff-698d-49ca-9bbf-dc12f28798c8,2/4/2025 6:42:23 PM,Metal Name Plate,Ground ,-9313152.2548,5205949.933
27932,20250653,Monolena sp.,monolena,Existing,Good,,No,Insufficient data to determine provenance,Existing,Unknown,,Conservatory (Theodore and Kimberly Maged Tropical House),,,,3be78f1d-a80c-416a-81ab-04e0f4019b6f,12/17/2024 6:14:18 PM,Metal Name Plate,Ground ,-9313151.7499,5205949.275
27933,20250654,Alpinia sp.,alpinia,Existing,Good,,No,Insufficient data to determine provenance,Existing,Unknown,,Conservatory (Theodore and Kimberly Maged Tropical House),,,,093027ce-14b8-49c6-92d0-2c353789894d,12/17/2024 6:58:31 PM,Metal Name Plate,Ground ,-9313151.4399,5205947.8478
27934,20250655,Begonia sp.,begonia,Existing,Good,,No,Insufficient data to determine provenance,Existing,Unknown,,Conservatory (Theodore and Kimberly Maged Tropical House),,,,4860b4ea-aae9-4c37-98c2-1fc2ea08211e,12/17/2024 6:16:56 PM,None,,-9313151.0769,5205947.1353
27935,20250656,Pseuderanthemum maculatum,yellow-vein eranthemum,Existing,Good,,No,Insufficient data to determine provenance,Existing,Unknown,,Conservatory (Theodore and Kimberly Maged Tropical House),,,,4a134975-7c33-4b2e-aea5-14b5776c1ada,10/30/2024 4:03:30 PM,None,,-9313151.823,5205945.5736
27936,20250657,Begonia 'Escargot',Escargot begonia,Existing,Good,,No,Insufficient data to determine provenance,Existing,Unknown,,Conservatory (Theodore and Kimberly Maged Tropical House),,,,4cf9d99d-a5df-4a3f-ae21-b4ab13375741,1/28/2025 4:35:09 PM,Metal Name Plate,Ground ,-9313151.3952,5205941.3407
27937,20182245,Goeppertia ornata 'Roseolineata',Roseolineata pin-stripe calathea,Existing,Good,9/1/1984 12:00:00 AM,No,Insufficient data to determine provenance,Existing,Unknown,,Conservatory (Theodore and Kimberly Maged Tropical House),,,,dac76331-87b2-470d-adb1-654ec0aea5b2,2/4/2025 6:42:23 PM,Metal Name Plate,Ground ,-9313153.3902,5205937.1876
27938,20250494,Seemannia sylvatica,gloxinia,Existing,Good,10/10/2012 12:00:00 AM,No,Plant of not wild source,Plant,Nursery or other commercial establishment,Top Tropicals,Conservatory (Theodore and Kimberly Maged Tropical House),,,,9aecb8a4-49b2-4298-9484-d056b97f96b8,12/2/2024 5:01:17 PM,Metal Name Plate,Ground ,-9313156.8119,5205935.5255
27939,20250659,Chlorophytum comosum,spider plant,Existing,Good,,No,Insufficient data to determine provenance,Existing,Unknown,,Conservatory (Theodore and Kimberly Maged Tropical House),,,,84e0e025-0168-44d0-a050-ed66e8e865f9,12/17/2024 8:52:14 PM,None,,-9313156.032,5205938.8619
27940,201810231,Peperomia obtusifolia 'Albomarginata',Albomarginata baby rubberplant,Existing,Good,8/5/1974 12:00:00 AM,No,Insufficient data to determine provenance,Existing,Botanic Garden or Arboretum,Kingwood Center,Conservatory (Theodore and Kimberly Maged Tropical House),,,,907978ed-5959-4b43-a9db-8da3d6010e58,2/4/2025 6:42:23 PM,Metal Name Plate,Ground ,-9313154.6719,5205948.0507
27941,20183297,Chlorophytum orchidastrum,orange spider plant,Existing,Good,1/1/1977 12:00:00 AM,No,Insufficient data to determine provenance,Existing,Botanic Garden or Arboretum,Plantentuin der Rijksuniversiteit-Gent,Conservatory (Theodore and Kimberly Maged Tropical House),,,,10ca0e4e-d561-493d-810a-32438fc2a222,2/4/2025 6:42:23 PM,None,,-9313154.3617,5205941.1486
27942,20182249,Goeppertia zebrina,zebra plant,Existing,Good,1/1/2000 12:00:00 AM,No,Insufficient data to determine provenance,Existing,Unknown,,Conservatory (Theodore and Kimberly Maged Tropical House),,,,7ea5b1f5-8824-489e-b25d-cf3b9912b334,2/4/2025 6:42:23 PM,Metal Name Plate,Ground ,-9313154.2408,5205949.2601
27943,20250660,Pachira aquatica,water chestnut,Existing,Good,,No,Insufficient data to determine provenance,Existing,Unknown,,Conservatory (Theodore and Kimberly Maged Tropical House),,,,c6f7ef4f-3723-4835-b38d-e843734f005b,2/4/2025 6:42:23 PM,Metal Name Plate,Ground ,-9313153.5218,5205950.2435
27944,20250661,Encephalartos villosus,forest cycad,Existing,Good,,No,Insufficient data to determine provenance,Existing,Unknown,,Conservatory (Theodore and Kimberly Maged Tropical House),,,,d93bc014-e3e6-4ce1-a4bb-dd7f637ed7fd,2/4/2025 6:42:23 PM,None,,-9313153.0209,5205948.3563
27948,20184822,Encephalartos altensteinii,Eastern Cape giant cycad,Existing,Good,7/4/1959 12:00:00 AM,No,Insufficient data to determine provenance,Existing,Nursery or other commercial establishment,California Jungle Nursery,Conservatory (Theodore and Kimberly Maged Tropical House),,,,77850c6a-3259-4384-a422-9f9225c10c44,2/4/2025 6:42:23 PM,Metal Name Plate,Ground ,-9313155.4411,5205939.7486
27949,20184244,Cycas revoluta,sago palm,Existing,Good,8/8/1916 12:00:00 AM,No,Insufficient data to determine provenance,Existing,Individual,William A. Manda,Conservatory (Theodore and Kimberly Maged Tropical House),,,,884f8147-f5dd-42e2-8f85-5c695d21ec33,2/4/2025 6:42:23 PM,Metal Name Plate,Ground ,-9313154.799,5205937.2903
27950,20250663,Cananga odorata var. fruticosa,ylang-ylang tree,Existing,Good,3/10/2012 12:00:00 AM,No,Plant of not wild source,Plant,Nursery or other commercial establishment,Top Tropicals,Conservatory (Theodore and Kimberly Maged Tropical House),,,,46b299e1-1fc5-449b-9d98-6c91cd4ecdff,12/2/2024 5:01:35 PM,Metal Name Plate,Ground ,-9313156.3093,5205935.9168
27951,20250664,Plinia cauliflora,jabuticaba,Existing,Good,,No,Insufficient data to determine provenance,Existing,Unknown,,Conservatory (Theodore and Kimberly Maged Tropical House),,,,dbdb055f-289d-4093-ba85-2059c6b638c4,10/30/2024 4:06:28 PM,Metal Name Plate,Ground ,-9313151.4297,5205946.4755
27952,20183524,Pachygone laurifolia,laurel-leaved snail tree,Existing,Good,9/1/1984 12:00:00 AM,No,Insufficient data to determine provenance,Existing,Botanic Garden or Arboretum,Denver Botanic Garden,Conservatory (Theodore and Kimberly Maged Tropical House),,,,d4807fed-7073-45d1-87cb-8c7ac3e99d3e,10/30/2024 3:56:36 PM,Metal Name Plate,Ground ,-9313151.0942,5205944.3851
27953,20250665,Dracaena fragrans,Lemon Lime dracaena,Existing,Good,,No,Insufficient data to determine provenance,Existing,Unknown,,Conservatory (Theodore and Kimberly Maged Tropical House),,,,19fc1a94-1495-4c4f-b88e-8f67b1d8d75c,10/30/2024 3:51:20 PM,None,,-9313151.0265,5205945.1233
27954,20250666,Vatica diospyroides,vatica,Existing,Good,,No,Insufficient data to determine provenance,Existing,Nursery or other commercial establishment,Top Tropicals,Conservatory (Theodore and Kimberly Maged Tropical House),,,,2093bc4b-989a-41fb-b79e-1f98e1850b68,12/2/2024 5:09:26 PM,Metal Name Plate,Ground ,-9313152.3362,5205944.6085
27955,20250667,Cordyline fruticosa,good-luck plant,Existing,Good,,No,Insufficient data to determine provenance,Existing,Unknown,,Conservatory (Theodore and Kimberly Maged Tropical House),,,,e88fbfa0-dcc4-4482-800b-9c7d72b9e70a,2/4/2025 6:42:23 PM,Metal Name Plate,Ground ,-9313151.6252,5205943.1886
27956,20250668,Dracaena fragrans 'Limelight',Limelight fragrant dracaena,Existing,Good,,No,Insufficient data to determine provenance,Existing,Unknown,,Conservatory (Theodore and Kimberly Maged Tropical House),,,,9d0b4013-ff4d-4441-928d-b26d279a483e,2/4/2025 6:42:23 PM,Metal Name Plate,Ground ,-9313152.1432,5205943.7613
27957,20184653,Dracaena fragrans 'Massangeana',Massangeana fragrant dracaena,Existing,Good,1/8/2003 12:00:00 AM,No,Insufficient data to determine provenance,Existing,Nursery or other commercial establishment,Saguaro Nursery,Conservatory (Theodore and Kimberly Maged Tropical House),,,,f25935b3-b2c6-4c21-bb35-1e4f76c2f15c,2/4/2025 6:42:23 PM,Metal Name Plate,Ground ,-9313153.2361,5205943.5576
27958,20250669,Dracaena reflexa,pleomele,Existing,Good,,No,Insufficient data to determine provenance,Existing,Unknown,,Conservatory (Theodore and Kimberly Maged Tropical House),,,,5f9624fc-aed3-4183-87d9-e9947b9bd1bd,2/4/2025 6:42:23 PM,Metal Name Plate,Ground ,-9313152.9452,5205941.6753
27959,20250670,Cycas revoluta,sago palm,Existing,Good,8/8/1916 12:00:00 AM,No,Insufficient data to determine provenance,Existing,Individual,William A. Manda,Conservatory (Theodore and Kimberly Maged Tropical House),,,,c209ee4f-d31c-4ecb-92c8-f3ab24743166,2/4/2025 6:42:23 PM,None,,-9313152.5447,5205940.023
27960,201814835,Tamarindus indica,tamarind,Existing,Good,8/8/1916 12:00:00 AM,No,Insufficient data to determine provenance,Existing,Nursery or other commercial establishment,Royal Palm Nurseries,Conservatory (Theodore and Kimberly Maged Tropical House),,,,05640026-1856-4406-af16-719ef03cb553,2/4/2025 6:42:23 PM,None,,-9313153.3744,5205938.2413
27961,20250671,Rhaphidophora korthalsii,shingle flower,Existing,Good,,No,Insufficient data to determine provenance,Existing,Unknown,,Conservatory (Theodore and Kimberly Maged Tropical House),,,,b65bfb5d-fb47-4570-a8bf-26724d097c84,11/7/2024 5:44:20 PM,Metal Name Plate,Branch,-9313153.2179,5205938.1229
27962,20250672,Hoya imbricata,shingle plant,Existing,Good,,No,Insufficient data to determine provenance,Existing,Unknown,,Conservatory (Theodore and Kimberly Maged Tropical House),,,,6a06ee80-099e-48a7-9755-576905279889,11/7/2024 5:44:20 PM,Metal Name Plate,Branch,-9313153.4468,5205938.0962
27963,20250673,Hydnophytum radicans,rubiaceous ant-plant,Existing,Good,12/1/2010 12:00:00 AM,No,Insufficient data to determine provenance,Existing,Individual,Frank Omelion,Conservatory (Theodore and Kimberly Maged Tropical House),,,,e78ba684-efad-4fee-a4a6-78d8d82a9e83,11/7/2024 5:44:20 PM,Metal Name Plate,Branch,-9313153.2501,5205938.4403
27964,20250674,Cycas revoluta,sago palm,Existing,Good,,No,Insufficient data to determine provenance,Existing,Unknown,,Conservatory (Theodore and Kimberly Maged Tropical House),,,,c87de851-0389-4a5d-85ac-edaafe76240e,12/3/2024 4:33:35 PM,None,,-9313154.2554,5205936.7144
27965,20250675,Asplenium australasicum,bird's-nest fern,Existing,Good,,No,Insufficient data to determine provenance,Existing,Unknown,,Conservatory (Theodore and Kimberly Maged Tropical House),At base of tamarind tree,,,b689dbb1-15e4-456c-bcb8-54c7891e03ee,12/17/2024 8:50:49 PM,None,,-9313153.0708,5205937.9602
27966,20250676,Pilea cadierei,aluminum plant,Existing,Good,,No,Insufficient data to determine provenance,Existing,Unknown,,Conservatory (Theodore and Kimberly Maged Tropical House),,,,c876cc12-5679-4f21-9c84-7ae345a06edc,10/30/2024 2:35:23 PM,None,,-9313156.2007,5205937.8676
27967,20250677,Adiantum hispidulum 'Bronze Venus',Bronze Venus rough maidenhair,Existing,Good,,No,Insufficient data to determine provenance,Existing,Unknown,,Conservatory (Theodore and Kimberly Maged Tropical House),,,,98796f70-16a6-4288-8b96-d7f24aae7bdc,10/30/2024 3:34:15 PM,None,,-9313152.6308,5205940.7004
27968,20250678,Neoregelia sp.,neoregelia,Existing,Good,,No,Insufficient data to determine provenance,Existing,Unknown,,Conservatory (Theodore and Kimberly Maged Tropical House),,,,810c14ba-9152-4024-b23a-d9527a310a7a,10/30/2024 6:36:57 PM,None,,-9313153.9496,5205947.7647
27969,20250679,Neoregelia sp.,neoregelia,Existing,Good,,No,Insufficient data to determine provenance,Existing,Unknown,,Conservatory (Theodore and Kimberly Maged Tropical House),,,,ef2bbcda-90f7-4c3b-948d-db3e74e68253,10/30/2024 4:16:47 PM,None,,-9313154.0145,5205943.4945
27970,20250680,Coleus sp.,coleus,Existing,Good,,No,Insufficient data to determine provenance,Existing,Unknown,,Conservatory (Theodore and Kimberly Maged Tropical House),,,,0315e919-b4ab-46ae-8432-017982c5ac5d,10/30/2024 3:35:48 PM,None,,-9313151.7139,5205940.4972
27971,20250681,Selaginella braunii,Braun's spikemoss,Existing,Good,,No,Insufficient data to determine provenance,Existing,Unknown,,Conservatory (Theodore and Kimberly Maged Tropical House),,,,7aaf9255-4a10-417e-833d-819f0dd9c43e,10/30/2024 7:00:22 PM,None,,-9313151.4723,5205948.7448
27972,20250682,Neoregelia sp.,neoregelia,Existing,Good,,No,Insufficient data to determine provenance,Existing,Unknown,,Conservatory (Theodore and Kimberly Maged Tropical House),,,,9c78b2dc-142b-41d4-accc-b28bea3bb2f0,10/30/2024 4:16:47 PM,None,,-9313160.1131,5205956.3661
27973,20250683,Neoregelia sp.,neoregelia,Existing,Good,,No,Insufficient data to determine provenance,Existing,Unknown,,Conservatory (Theodore and Kimberly Maged Tropical House),,,,f63ddace-8009-4411-8db5-fb65ff10d519,10/30/2024 4:14:40 PM,None,,-9313153.2958,5205945.3891
27974,20250684,Neoregelia sp.,neoregelia,Existing,Good,,No,Insufficient data to determine provenance,Existing,Unknown,,Conservatory (Theodore and Kimberly Maged Tropical House),,,,be3fde91-4f08-4d55-957a-f108b8d58371,10/30/2024 3:10:27 PM,None,,-9313153.7789,5205942.2345
28107,20250817,Saccharum officinarum,sugarcane,Existing,Good,,No,Insufficient data to determine provenance,Existing,Unknown,,Conservatory (Theodore and Kimberly Maged Tropical House),,,,3fa2400a-6804-4386-b7e9-bdd626b94118,11/7/2024 5:46:35 PM,Metal Name Plate,Ground ,-9313147.9443,5205949.8075
28108,20250818,Piper nigrum,black pepper,Existing,Good,,No,Insufficient data to determine provenance,Existing,Unknown,,Conservatory (Theodore and Kimberly Maged Tropical House),Overhanging the 'sitting' wall,,,9fc55e6c-1562-4b86-8197-a58f56481345,11/7/2024 6:03:43 PM,Metal Name Plate,Branch,-9313149.3194,5205949.2671
28109,20250819,Synsepalum dulcificum,miracle fruit,Existing,Good,,No,Insufficient data to determine provenance,Existing,Unknown,,Conservatory (Theodore and Kimberly Maged Tropical House),,,,7c371eb7-2914-407d-8da1-a148e2a6b285,11/7/2024 6:03:43 PM,Metal Name Plate,Ground ,-9313147.9575,5205948.1542
28110,20250820,Microsorum musifolium 'Crocodyllus',Crocodyllus crocodile fern,Existing,Good,,No,Insufficient data to determine provenance,Existing,Unknown,,Conservatory (Theodore and Kimberly Maged Tropical House),,,,05d2f4b5-a3b6-4ffb-942d-71ffa2936a81,11/7/2024 6:03:43 PM,Metal Name Plate,Ground ,-9313148.3594,5205941.3342
28111,20250821,Begonia 'Little Brother Montgomery',Little Brother Montgomery begonia,Existing,Good,,No,Insufficient data to determine provenance,Existing,Unknown,,Conservatory (Theodore and Kimberly Maged Tropical House),,,,83791266-12a9-4807-b286-c17e2ada3af5,11/7/2024 6:03:43 PM,Metal Name Plate,Ground ,-9313147.4,5205939.5027
28112,20181806,Begonia aconitifolia,cane begonia,Existing,Good,3/21/2003 12:00:00 AM,No,Insufficient data to determine provenance,Existing,Horticultural Association/Garden Club,"Indoor Light Gardening Society of America, Inc.",Conservatory (Theodore and Kimberly Maged Tropical House),,,,d9c4ab69-e1e5-4f6b-8443-dbd31cd77cfd,2/4/2025 6:42:23 PM,None,,-9313148.3804,5205940.2749
28113,20184651,Dracaena fragrans 'Limelight',Limelight fragrant dracaena,Existing,Good,6/27/2005 12:00:00 AM,No,Plant of not wild source,Existing,Nursery or other commercial establishment,Goldner Walsh Nursery,Conservatory (Theodore and Kimberly Maged Tropical House),,,,204f8bf7-afbf-4a37-ab89-ae38affaf116,11/7/2024 6:03:43 PM,None,,-9313148.0132,5205944.8049
28114,20250822,Dracaena fragrans,Lemon Lime dracaena,Existing,Good,,No,Insufficient data to determine provenance,Existing,Unknown,,Conservatory (Theodore and Kimberly Maged Tropical House),,,,f00b7e9f-9820-49cd-96f9-f9df2a859d3a,11/7/2024 6:03:43 PM,None,,-9313148.2379,5205943.2963
28115,20250823,Combretum indicum,rangoon creeper,Existing,Good,,No,Insufficient data to determine provenance,Existing,Unknown,,Conservatory (Theodore and Kimberly Maged Tropical House),,,,43ba6e1a-013e-40d7-b7af-49868df51925,11/7/2024 6:03:43 PM,Metal Name Plate,Branch,-9313146.4022,5205943.8422
28116,20250824,Piper betle,betel,Existing,Good,,No,Insufficient data to determine provenance,Existing,Unknown,,Conservatory (Theodore and Kimberly Maged Tropical House),,,,836854b6-37e4-4506-9baa-674ddb01ad8a,11/7/2024 6:03:43 PM,Metal Name Plate,,-9313145.944,5205947.2822
28117,201812221,Rauvolfia serpentina,serpentine wood,Existing,Good,6/18/1985 12:00:00 AM,No,Insufficient data to determine provenance,Existing,University department,Smith College,Conservatory (Theodore and Kimberly Maged Tropical House),,,,2e9828f4-ec12-4553-a21b-695145526ce4,11/7/2024 6:03:43 PM,Metal Name Plate,,-9313147.9049,5205946.6255
28118,20183541,Coffea arabica,Arabian coffee,Existing,Good,4/30/2003 12:00:00 AM,No,Insufficient data to determine provenance,Existing,Unknown,,Conservatory (Theodore and Kimberly Maged Tropical House),,,,4c8daf24-8c19-447b-aba0-2624a548e8b0,11/7/2024 5:44:20 PM,Metal Name Plate,Ground ,-9313148.8718,5205938.8914
28119,20250825,Pachystachys lutea,lollipop-plant,Existing,Good,,No,Insufficient data to determine provenance,Existing,Unknown,,Conservatory (Theodore and Kimberly Maged Tropical House),,,,f1026ad1-9560-42fe-8c83-22561327d796,11/7/2024 5:44:20 PM,Metal Name Plate,,-9313150.0385,5205937.6942
28120,20183542,Cola nitida,ghanja kola,Existing,Good,1/1/1999 12:00:00 AM,No,Insufficient data to determine provenance,Existing,Individual,Stephen Uche,Conservatory (Theodore and Kimberly Maged Tropical House),,,,c4e72271-d97e-4484-92f6-22576c38e0b3,11/7/2024 5:44:20 PM,Metal Name Plate,,-9313147.6301,5205937.861
28121,20250826,Hydnophytum moseleyanum,ant-plant,Existing,Good,,No,Insufficient data to determine provenance,Existing,Unknown,,Conservatory (Theodore and Kimberly Maged Tropical House),,,,aef3e5d6-0023-4743-8d28-ecab7252b6db,11/7/2024 6:18:47 PM,Metal Name Plate,Branch,-9313146.3493,5205941.6441
28122,20250827,Pentas hybrid,Egyptian star flower,Existing,Good,,No,Insufficient data to determine provenance,Existing,Unknown,,Conservatory (Theodore and Kimberly Maged Tropical House),,,,81210d78-dc2f-49ed-8397-80267838a8ac,11/7/2024 6:03:43 PM,Metal Name Plate,Ground ,-9313146.1669,5205949.0794
28123,20250828,Myrmecodia tuberosa,ant-plant,Existing,Good,,No,Insufficient data to determine provenance,Existing,Unknown,,Conservatory (Theodore and Kimberly Maged Tropical House),,,,338b94df-5965-494c-8101-af28872f463e,11/7/2024 6:18:47 PM,Metal Name Plate,Ground ,-9313146.4036,5205941.1503
28124,20250829,Myrmecodia tuberosa,ant-plant,Existing,Good,,No,Insufficient data to determine provenance,Existing,Unknown,,Conservatory (Theodore and Kimberly Maged Tropical House),,,,7cfdd81c-7818-4b74-b50e-0c16824d58cd,11/7/2024 6:18:47 PM,None,,-9313146.4901,5205940.4786
28125,20250830,Myrmecodia tuberosa,ant-plant,Existing,Good,,No,Insufficient data to determine provenance,Existing,Unknown,,Conservatory (Theodore and Kimberly Maged Tropical House),,,,11ef1fe9-f30c-4960-ad6a-58227dc6c4c8,11/7/2024 6:18:47 PM,Metal Name Plate,Branch,-9313146.6311,5205940.3481
28126,20250831,Myrmecodia sp.,ant-plant,Existing,Good,,No,Insufficient data to determine provenance,Existing,Unknown,,Conservatory (Theodore and Kimberly Maged Tropical House),,,,c9f4af5a-6eec-4e68-ab99-7b1ca7cf683c,11/7/2024 6:18:47 PM,Metal Name Plate,Ground ,-9313146.5546,5205939.9848
28127,20250832,Myrmecodia tuberosa,ant-plant,Existing,Good,,No,Insufficient data to determine provenance,Existing,Unknown,,Conservatory (Theodore and Kimberly Maged Tropical House),,,,2d74e9c2-ce8e-4838-a877-caf4772ed060,11/7/2024 6:18:47 PM,Metal Name Plate,Branch,-9313149.51,5205936.6308
28128,20250833,Goeppertia zebrina,zebra plant,Existing,Good,,No,Insufficient data to determine provenance,Existing,Unknown,,Conservatory (Theodore and Kimberly Maged Tropical House),,,,611bd30d-bc82-4e82-8b21-354f10f7fd58,11/7/2024 6:18:47 PM,None,,-9313147.7321,5205937.3142
28129,20250834,Alpinia sp.,alpinia,Existing,Good,,No,Plant of not wild source,Existing,Nursery or other commercial establishment,,Conservatory (Theodore and Kimberly Maged Tropical House),,,,b2bbe0b2-e946-46fb-96db-1d555d7b6978,11/7/2024 6:18:47 PM,None,,-9313147.6437,5205936.2683
28130,20185246,Ficus carica,edible fig,Existing,Good,9/1/1910 12:00:00 AM,No,Insufficient data to determine provenance,Existing,Botanic Garden or Arboretum,Missouri Botanical Garden,Conservatory (Temperate House),,,,f42f4749-e067-45fb-ad72-1e8114cbf3d6,11/7/2024 7:52:04 PM,Metal Name Plate,Ground ,-9313163.9339,5205918.1428
28132,20187605,Loropetalum chinense var. rubrum,strap flower,Existing,Good,3/11/2004 12:00:00 AM,No,Insufficient data to determine provenance,Existing,Nursery or other commercial establishment,Goldner Walsh Nursery,Conservatory (Temperate House),,,,76c814a7-ddb6-430a-b849-f2d99b12521a,1/30/2025 8:45:28 PM,Metal Name Plate,Ground ,-9313168.5226,5205919.7549
28133,201811536,Prunus africana,African cherry,Existing,Good,,No,Insufficient data to determine provenance,Existing,Unknown,,Conservatory (Temperate House),,,,0f3245df-f453-41ad-88f3-f73c0ba58da7,11/7/2024 7:52:04 PM,Metal Name Plate,Ground ,-9313168.7197,5205917.1862
28134,20188320,Myrtus communis,common myrtle,Existing,Good,2/14/2001 12:00:00 AM,No,Insufficient data to determine provenance,Existing,Unknown,,Conservatory (Temperate House),,,,cef00c1f-f2bd-4545-898b-42fe201a41c2,1/30/2025 8:45:28 PM,Metal Name Plate,Ground ,-9313169.4291,5205915.0789
28135,20250835,Gardenia jasminoides,gardenia,Existing,Good,,No,Insufficient data to determine provenance,Existing,Unknown,,Conservatory (Temperate House),,,,e8e18a45-103b-42fe-912d-23f66207dac2,11/7/2024 7:52:04 PM,Metal Name Plate,Ground ,-9313169.3233,5205912.2403
28136,20250836,Mangifera indica,mango,Existing,Good,8/15/2012 12:00:00 AM,No,Plant of not wild source,Plant,Nursery or other commercial establishment,Top Tropicals,Conservatory (Temperate House),,,,dc0829e6-bc5d-4bdd-ad59-7ff1a43eaf48,11/7/2024 7:52:04 PM,Metal Name Plate,Ground ,-9313167.0061,5205913.8146
28137,201810496,Phoenix dactylifera,date palm,Existing,Good,7/18/2000 12:00:00 AM,No,Plant of not wild source,Existing,Nursery or other commercial establishment,Sunquest Nursery of South Florida,Conservatory (Temperate House),,,,c721e3ec-c249-4dd8-9cea-f345c5cfca0e,1/30/2025 8:45:28 PM,Metal Name Plate,Ground ,-9313163.8648,5205915.6716
28138,20250837,Wollemia nobilis,Wollemi pine,Existing,Good,1/22/2007 12:00:00 AM,No,Propagule from wild source plant in cultivation,Cutting,Horticultural Association/Garden Club,National Geographic Society,Conservatory (Temperate House),,,,b3243050-d08a-4bd9-99ea-9c6226ee0a4d,9/18/2024 6:59:03 PM,Metal Name Plate,Ground ,-9313160.0427,5205905.8675
28139,201812045,Quercus suber,cork oak,Existing,Good,5/22/2002 12:00:00 AM,No,Insufficient data to determine provenance,Existing,Nursery or other commercial establishment,Forest Farm,Conservatory (Temperate House),,,,ca87d183-b7f3-417c-bd75-71c1258191de,1/30/2025 8:45:28 PM,Metal Name Plate,Ground ,-9313164.1856,5205909.2393
28140,201813472,Ruscus aculeatus,butcher's broom,Existing,Good,5/13/1985 12:00:00 AM,No,Insufficient data to determine provenance,Existing,Unknown,,Conservatory (Temperate House),,,,ee245f25-8955-4a95-ab72-300a12c3eb4b,1/30/2025 8:45:28 PM,Metal Name Plate,Ground ,-9313165.8284,5205909.04
28141,20250838,Cunonia capensis,butterspoon tree,Existing,Good,,No,Insufficient data to determine provenance,Existing,Unknown,,Conservatory (Temperate House),,,,1a6ed9fd-b92a-443b-9c59-a6ff31af978a,11/12/2024 2:07:06 PM,Metal Name Plate,Ground ,-9313166.7495,5205907.5508
28142,20250839,Capparis spinosa,caper bush,Existing,Good,,No,Insufficient data to determine provenance,Existing,Unknown,,Conservatory (Temperate House),,,,c8bf78c7-f9d9-41db-96c6-35c14dc15fda,11/12/2024 2:05:35 PM,Metal Name Plate,Ground ,-9313168.2434,5205908.5152
28143,20187134,Laurus nobilis,sweet bay,Existing,Good,6/22/2000 12:00:00 AM,No,Insufficient data to determine provenance,Existing,Nursery or other commercial establishment,San Marcos Nursery,Conservatory (Temperate House),,,,bc576b65-16fc-4ce5-bdeb-d6f36a32d3b6,11/12/2024 2:05:35 PM,Metal Name Plate,Ground ,-9313169.9837,5205908.2744
28144,20250840,Tetradenia riparia,ginger bush,Existing,Good,5/27/2015 12:00:00 AM,No,Plant of not wild source,Plant,Nursery or other commercial establishment,Top Tropicals,Conservatory (Temperate House),,,,c5e0634a-44a4-4fd9-a0dc-3b8852021515,11/12/2024 2:43:37 PM,Metal Name Plate,Ground ,-9313170.7993,5205903.7803
28145,20250841,Punica granatum,pomegranate,Existing,Good,,No,Insufficient data to determine provenance,Existing,Unknown,,Conservatory (Temperate House),,,,4e3181c2-4f76-4ec0-89ad-0640e8178e4a,11/12/2024 2:43:37 PM,Metal Name Plate,Ground ,-9313168.5769,5205904.4604
28146,20188555,Olea europaea 'Manzanillo',Manzanillo olive,Existing,Good,6/22/2000 12:00:00 AM,No,Insufficient data to determine provenance,Existing,Nursery or other commercial establishment,San Marcos Nursery,Conservatory (Temperate House),,,,45f7c902-a320-40c5-acb7-57cfcba8e9c7,1/30/2025 8:45:28 PM,Metal Name Plate,Ground ,-9313165.0171,5205903.9639
28147,20250842,Strelitzia nicolai,bird of paradise ,Existing,Good,8/4/2005 12:00:00 AM,No,Insufficient data to determine provenance,Existing,Unknown,,Conservatory (Temperate House),,,,6cd276e8-e191-4db6-a2b2-aaf85fea1588,1/30/2025 8:45:28 PM,Metal Name Plate,Ground ,-9313164.6749,5205906.0085
28148,201816503,Zamioculcas zamiifolia,ZZ plant,Existing,Good,10/28/2002 12:00:00 AM,No,Plant of not wild source,Existing,Nursery or other commercial establishment,"Redland Nursery, Inc",Conservatory (Temperate House),,,,0c2f31c4-8e41-4841-ace4-5b06da199338,11/12/2024 2:22:55 PM,Metal Name Plate,Ground ,-9313163.5491,5205909.0785
28149,20250843,Gardenia jasminoides,gardenia,Existing,Good,,No,Insufficient data to determine provenance,Existing,Unknown,,Conservatory (Temperate House),,,,3171082c-4e40-4210-a67b-399405ece06a,10/1/2024 2:02:19 PM,Metal Name Plate,Ground ,-9313157.1162,5205912.6329
28150,20181459,Ardisia crenata,hen's eyes,Existing,Good,8/27/1984 12:00:00 AM,No,Insufficient data to determine provenance,Existing,University department,"University of California, Santa Barbara",Conservatory (Temperate House),,,,6147e5a5-c2c5-4902-80ad-7cab8749c179,1/30/2025 8:45:28 PM,Metal Name Plate,Ground ,-9313154.7114,5205918.63
28151,20188335,Nandina domestica,sacred bamboo,Existing,Good,1/1/1924 12:00:00 AM,No,Plant of not wild source,Existing,Nursery or other commercial establishment,Otto Katzenstein & Co.,Conservatory (Temperate House),,,,8d51cef8-07d1-4f15-99cd-2c830a0c6d44,1/30/2025 8:45:28 PM,Metal Name Plate,Ground ,-9313153.7255,5205919.5723
28152,201811204,Capitanopsis oreophila,"Madagascar fern-leaved coleus, andriamborondrao",Existing,Good,11/22/2011 12:00:00 AM,No,Insufficient data to determine provenance,Existing,Unknown,,Conservatory (Temperate House),,,,85400cd2-0ed9-40f5-bab0-497df92bbe44,10/1/2024 2:02:19 PM,Metal Name Plate,Ground ,-9313154.1598,5205913.7093
28153,201815427,Trachycarpus fortunei,Chinese windmill palm,Existing,Good,7/18/2000 12:00:00 AM,No,Plant of not wild source,Existing,Nursery or other commercial establishment,Oasis Tree Farms,Conservatory (Temperate House),,,,15ee4694-36f6-4577-828e-7d0b2ced83a1,1/30/2025 8:45:28 PM,Metal Name Plate,Ground ,-9313154.8269,5205915.8219
28154,201811232,Podocarpus macrophyllus,yew plum pine,Existing,Good,6/20/2000 12:00:00 AM,No,Plant of not wild source,Existing,Nursery or other commercial establishment,Monrovia Nursery Co.,Conservatory (Temperate House),,,,3651d4f3-c30c-454a-a276-18ac50ea81a1,1/30/2025 8:45:28 PM,Metal Name Plate,Ground ,-9313151.4108,5205912.9572
28155,201812285,Rhaphiolepis umbellata,yeddo hawthorn,Existing,Good,2/14/2001 12:00:00 AM,No,Insufficient data to determine provenance,Existing,Unknown,,Conservatory (Temperate House),,,,819ef629-5f7c-4660-b5e8-83124797a409,1/30/2025 8:45:28 PM,Metal Name Plate,Ground ,-9313151.6628,5205911.48
28156,20182297,Camellia 'Kumagai',Kumagai camellia,Existing,Good,7/7/2000 12:00:00 AM,No,Plant of not wild source,Existing,Nursery or other commercial establishment,Camellia Forest Nursery,Conservatory (Temperate House),,,,7d47b2c4-f170-4f01-9aa6-1395d77e753d,1/30/2025 8:45:28 PM,Metal Name Plate,Ground ,-9313152.8757,5205903.206
28157,20182296,Camellia japonica 'Asomusume',Asomusume camellia,Existing,Good,7/7/2000 12:00:00 AM,No,Plant of not wild source,Existing,Nursery or other commercial establishment,Camellia Forest Nursery,Conservatory (Temperate House),,,,0614c9bd-5235-4106-a7a4-0ba6a563f775,1/30/2025 8:45:28 PM,Metal Name Plate,Ground ,-9313155.0313,5205901.5294
28158,20185131,Eurya emarginata,eurya,Existing,Good,7/7/2000 12:00:00 AM,No,Plant of not wild source,Existing,Nursery or other commercial establishment,Camellia Forest Nursery,Conservatory (Temperate House),,,,2e278eab-04cc-4361-ad9a-3eef8667e492,10/1/2024 2:49:09 PM,None,,-9313152.619,5205901.2723
28160,20188628,Osmanthus fragrans,sweet osmanthus,Existing,Good,6/22/2000 12:00:00 AM,No,Plant of not wild source,Existing,Nursery or other commercial establishment,San Marcos Nursery,Conservatory (Temperate House),,,,eb0d01b1-23c1-4f69-afd1-2bbad1f20c20,1/30/2025 8:45:28 PM,Metal Name Plate,Ground ,-9313155.5511,5205909.2927
28161,20250844,Cinnamomum verum,cinnamon,Existing,Good,,No,Insufficient data to determine provenance,Existing,Unknown,,Conservatory (Temperate House),,,,5d13d878-c565-4bf8-abf8-1735f5668e62,9/23/2024 7:53:53 PM,Metal Name Plate,Ground ,-9313160.2961,5205903.2517
28162,201816236,Vinca major,bigleaf periwinkle,Existing,Good,6/27/2000 12:00:00 AM,No,Plant of not wild source,Existing,Nursery or other commercial establishment,Classic Groundcovers,Conservatory (Temperate House),,,,a7644191-ca48-4b9e-bbd2-338d38dfa0ba,1/30/2025 8:45:28 PM,Metal Name Plate,Ground ,-9313167.0226,5205918.1439
28163,20250845,Lippia dulcis,Aztec sweet herb,Existing,Good,,No,Insufficient data to determine provenance,Existing,Unknown,,Conservatory (Temperate House),,,,04cc8c38-5b3f-4657-bd84-d3a887fd3f9c,11/7/2024 7:52:04 PM,Metal Name Plate,Ground ,-9313164.8519,5205913.4933
28164,20250846,Coleus barbatus var. barbatus,woolly plectranthus,Existing,Good,6/23/2015 12:00:00 AM,No,Plant of not wild source,Cutting,Nursery or other commercial establishment,Butterfly Workx Farm,Conservatory (Temperate House),,,,e707d835-4480-48c1-a65e-dbcad9f4db5f,11/7/2024 7:52:04 PM,Metal Name Plate,Ground ,-9313166.6701,5205916.3649
28165,20185943,Hedera canariensis,Canary Island ivy,Existing,Good,6/27/2000 12:00:00 AM,No,Plant of not wild source,Existing,Nursery or other commercial establishment,Classic Groundcovers,Conservatory (Temperate House),,,,e16c7529-bc17-4e8d-93cc-e5826ad9e266,11/7/2024 7:52:04 PM,Metal Name Plate,Ground ,-9313168.4032,5205912.0323
28166,20250847,Citrus ×limon 'Meyer',Meyer lemon,Existing,Good,,No,Insufficient data to determine provenance,Existing,Unknown,,Conservatory (Temperate House),,,,c1850c57-0348-48d8-9d29-5f9bf5b89c90,10/1/2024 2:18:52 PM,Metal Name Plate,Ground ,-9313156.766,5205917.69
28167,20187464,Liriope muscari,big blue lilyturf,Existing,Good,6/27/2000 12:00:00 AM,No,Plant of not wild source,Existing,Nursery or other commercial establishment,Classic Groundcovers,Conservatory (Temperate House),,,,2dd48cf6-b0e9-4974-a3eb-1680c296e277,1/30/2025 8:45:28 PM,None,,-9313158.6643,5205917.0228
28168,20181693,Aspidistra elatior,cast-iron plant,Existing,Good,6/28/2000 12:00:00 AM,No,Plant of not wild source,Existing,Nursery or other commercial establishment,Plant Delights Nursery,Conservatory (Temperate House),,,,e4611bb0-9a78-40f7-bd6a-17958ae5731c,1/30/2025 8:45:28 PM,Metal Name Plate,Ground ,-9313156.7218,5205914.7694
28169,201813165,Rohdea japonica 'Yattazu Yan Jaku',Yattazu Yan Jaku sacred lily,Existing,Good,6/28/2000 12:00:00 AM,No,Plant of not wild source,Existing,Nursery or other commercial establishment,Plant Delights Nursery,Conservatory (Temperate House),,,,78384724-0500-4ffb-9a43-809ea9e851f5,1/30/2025 8:45:28 PM,Metal Name Plate,Ground ,-9313158.5602,5205909.0167
28170,20250848,Clivia miniata,bush lily,Existing,Good,,No,Insufficient data to determine provenance,Existing,Unknown,,Conservatory (Temperate House),,,,0236fc45-30bb-46b1-a9ad-cf0195d97429,10/1/2024 2:30:15 PM,Metal Name Plate,Ground ,-9313155.0306,5205914.688
28171,20251029,Rhopalocarpus lucidus,,Existing,Good,,No,Insufficient data to determine provenance,Existing,Unknown,,Conservatory (Temperate House),,,,29dad29c-b7ba-43f5-b8dc-0c8c7ecf40ab,10/1/2024 2:30:15 PM,Metal Name Plate,Ground ,-9313152.1546,5205917.0172
28172,201813769,Sarcococca ruscifolia,frarant sweet box,Existing,Good,7/7/2000 12:00:00 AM,No,Plant of not wild source,Existing,Nursery or other commercial establishment,Heronswood Nursery,Conservatory (Temperate House),,,,5cf6ce5a-5817-4521-bfe4-5bccc24a97b2,1/30/2025 8:45:28 PM,Metal Name Plate,Ground ,-9313157.5261,5205913.6653
28173,20188586,Ophiopogon japonicus 'Nanus',Nanus dwarf lilyturf,Existing,Good,3/5/2004 12:00:00 AM,No,Plant of not wild source,Existing,Nursery or other commercial establishment,Classic Groundcovers,Conservatory (Temperate House),,,,6f5cf21f-1ee3-47e3-8423-0138f674994e,1/30/2025 8:45:28 PM,None,,-9313159.925,5205907.5697
28174,201813164,Rohdea japonica 'Miyako No Jo',Miyako No Jo sacred lily,Existing,Good,6/28/2000 12:00:00 AM,No,Plant of not wild source,Existing,Nursery or other commercial establishment,Plant Delights Nursery,Conservatory (Temperate House),,,,cf028284-acc9-4c3b-a898-f2b57b50a1c3,1/30/2025 8:45:28 PM,Metal Name Plate,Ground ,-9313158.9375,5205905.5582
28175,20187465,Liriope muscari,big blue lilyturf,Existing,Good,6/27/2000 12:00:00 AM,No,Plant of not wild source,Existing,Nursery or other commercial establishment,Classic Groundcovers,Conservatory (Temperate House),,,,2405ce33-a070-4d7c-af9a-90ebf6afce41,1/30/2025 8:45:28 PM,None,,-9313156.8729,5205905.6315
28176,201813473,Ruscus hypoglossum,large butcher's broom,Existing,Good,1/1/1975 12:00:00 AM,No,Insufficient data to determine provenance,Existing,Unknown,,Conservatory (Temperate House),,,,6d7013b5-2efa-4080-81cb-a04c278a5479,1/30/2025 8:45:28 PM,Metal Name Plate,Ground ,-9313170.7823,5205904.977
28177,20188223,Moraea vegeta,African iris,Existing,Good,2/10/2004 12:00:00 AM,No,Insufficient data to determine provenance,Existing,Botanic Garden or Arboretum,Longwood Gardens,Conservatory (Temperate House),,,,9041fbef-4804-4020-9e23-bb7f837f0594,1/30/2025 8:45:28 PM,Metal Name Plate,Ground ,-9313167.5394,5205903.2797
28178,20250849,Oxalis triangularis 'Cupido',Cupido false shamrock,Existing,Good,,No,Insufficient data to determine provenance,Existing,Unknown,,Conservatory (Temperate House),,,,7605900d-d5e1-460e-aad7-6397ac209367,12/11/2024 7:54:27 PM,Metal Name Plate,Ground ,-9313165.8165,5205903.2973
28179,20250850,Adiantum capillus-veneris,common maidenhair,Existing,Good,,No,Insufficient data to determine provenance,Existing,Unknown,,Conservatory (Temperate House),,,,67640c3f-c71d-4aca-8c8d-683461bbc7ff,11/26/2024 6:35:23 PM,None,,-9313167.0646,5205904.2022
28180,201811773,Pyrrosia lingua,tongue fern,Existing,Good,6/28/2000 12:00:00 AM,No,Plant of not wild source,Existing,Nursery or other commercial establishment,Plant Delights Nursery,Conservatory (Temperate House),,,,c09ded80-0c46-4bab-8cfa-ac452a0643b1,1/30/2025 8:45:28 PM,Metal Name Plate,Ground ,-9313153.8459,5205902.3076
28181,20250851,Lepisorus ensatus,ribbon fern,Existing,Good,,No,Insufficient data to determine provenance,Existing,Unknown,,Conservatory (Temperate House),,,,963b17f5-b4cd-40ec-927c-7e52f26ed9da,1/22/2025 3:37:55 PM,None,,-9313156.0611,5205902.5623
28182,20182302,Camellia sinensis,tea plant,Existing,Poor,7/7/2000 12:00:00 AM,No,Plant of not wild source,Existing,Nursery or other commercial establishment,Camellia Forest Nursery,Conservatory (Temperate House),,,,f3b5d7ae-b850-4eac-9e7d-07daaab6571a,1/30/2025 8:45:28 PM,Metal Name Plate,Ground ,-9313156.1717,5205903.3663
28183,201813819,Saxifraga stolonifera,creeping saxifrage,Existing,Good,6/28/2000 12:00:00 AM,No,Plant of not wild source,Existing,Nursery or other commercial establishment,Plant Delights Nursery,Conservatory (Temperate House),,,,6121857a-9c16-4261-b230-aef4973e1085,1/30/2025 8:45:28 PM,Metal Name Plate,Ground ,-9313163.9597,5205905.2759
28184,201813302,Salvia rosmarinus,rosemary,Existing,Good,2/4/2004 12:00:00 AM,No,Insufficient data to determine provenance,Existing,University department,University of Michigan,Conservatory (Temperate House),,,,da457a45-d1b3-4553-89a1-6b59c2dec682,1/30/2025 8:45:28 PM,Metal Name Plate,Ground ,-9313155.7622,5205910.3045
28185,20250852,Adiantum hispidulum 'Bronze Venus',Bronze Venus rough maidenhair,Existing,Good,,No,Insufficient data to determine provenance,Existing,Unknown,,Conservatory (Temperate House),,,,dc21d202-5ef5-46fb-adc2-d5409e82aeea,9/18/2024 6:59:03 PM,None,,-9313158.8589,5205906.5616
28186,20250853,Selaginella kraussiana,Krauss' spikemoss,Existing,Good,,No,Insufficient data to determine provenance,Existing,Unknown,,Conservatory (Temperate House),,,,8cbcafbf-5219-4048-b5d6-6ee8cb6fc1a8,9/23/2024 7:53:53 PM,None,,-9313159.4412,5205908.877
28187,201813948,Selaginella braunii,Braun's spikemoss,Existing,Good,6/28/2000 12:00:00 AM,No,Plant of not wild source,Existing,Nursery or other commercial establishment,Plant Delights Nursery,Conservatory (Temperate House),,,,4eeeeb45-0e0f-428b-a010-dcd65456a6b4,1/30/2025 8:45:28 PM,None,,-9313156.4726,5205909.2658
28188,20250854,Dorstenia sp.,,Existing,Good,,No,Insufficient data to determine provenance,Existing,Unknown,,Conservatory (Temperate House),,,,6cdc1e78-4264-4a26-80ab-7671004ff6e9,1/28/2025 9:02:26 PM,None,,-9313160.8129,5205906.0225
28189,20250855,Boehmeria nivea,ramie,Existing,Good,,No,Insufficient data to determine provenance,Existing,Unknown,,Conservatory (Temperate House),,,,29566f1e-3c12-4151-b0b3-912af192833f,10/1/2024 3:08:47 PM,None,,-9313153.3077,5205903.7514
28190,20250856,Neoregelia 'Oeser's Flambeau',Oeser's Flambeau bromeliad,Existing,Good,,No,Insufficient data to determine provenance,Existing,Unknown,,Conservatory (Temperate House),hanging from brick wall,,,d44c5470-fbf9-4b70-99e3-ba3f4d0a1897,1/28/2025 9:02:26 PM,None,,-9313151.2572,5205901.5601
28191,20250857,Neoregelia 'Fireball',Fireball neoregelia,Existing,Good,,No,Insufficient data to determine provenance,Existing,Unknown,,Conservatory (Temperate House),,,,03b31d8c-d141-4c92-b789-4b2b5d507976,10/1/2024 2:30:15 PM,Metal Name Plate,Ground ,-9313149.9606,5205917.2945
28192,20182611,Carex phyllocephala,Tenjiku sedge,Existing,Good,5/7/1998 12:00:00 AM,No,Insufficient data to determine provenance,Existing,Unknown,,Conservatory (Temperate House),,,,ace49bae-f4b7-47e3-8010-3b5369280871,1/30/2025 8:45:28 PM,None,,-9313157.2542,5205901.8221
28193,20250858,Gossypium hirsutum,upland cotton,Existing,Good,,No,Insufficient data to determine provenance,Existing,Unknown,,Conservatory (Temperate House),,,,f006994e-1aaa-4894-9049-15228d6b2e72,11/26/2024 6:28:15 PM,None,,-9313167.3411,5205912.1935
28194,20250859,Salvia rosmarinus,rosemary,Existing,Good,,No,Insufficient data to determine provenance,Existing,Unknown,,Conservatory (Temperate House),,,,e430623e-1aa0-4f81-9997-a2804b6a0fc5,11/26/2024 2:58:48 PM,None,,-9313166.8682,5205922.9816
28195,20250860,Bergera koenigii,curry leaf tree,Existing,Good,,No,Insufficient data to determine provenance,Existing,Unknown,,Conservatory (Temperate House),,,,ee36af63-3199-4be2-9598-f41f009f3d78,11/26/2024 2:55:21 PM,Metal Name Plate,Ground ,-9313168.8132,5205923.3005
28196,20250861,Pelargonium 'Dr. Livingstone',Dr. Livingstone geranium,Existing,Good,,No,Insufficient data to determine provenance,Existing,Unknown,,Conservatory (Temperate House),,,,1ac9f5e4-87b6-4794-87c5-3555874c20e8,11/26/2024 2:55:21 PM,Metal Name Plate,Ground ,-9313169.6683,5205923.4382
28197,20250862,Salvia officinalis,kitchen sage,Existing,Good,,No,Insufficient data to determine provenance,Existing,Unknown,,Conservatory (Temperate House),,,,b43d052e-b4a6-4571-8259-b84e680fd4e5,11/26/2024 2:45:41 PM,Metal Name Plate,Ground ,-9313153.2444,5205920.8915
28198,20250863,Capsicum chinense,habanero-type pepper,Existing,Good,,No,Insufficient data to determine provenance,Existing,Unknown,,Conservatory (Temperate House),located on southern wall of koi pond,,,8a7a23ca-7a9f-4828-b80b-36ebe0e56082,11/26/2024 2:45:41 PM,None,,-9313152.2685,5205920.6582
28199,20180538,Adiantum capillus-veneris,common maidenhair,Existing,Good,6/28/2000 12:00:00 AM,No,Plant of not wild source,Existing,Nursery or other commercial establishment,Plant Delights Nursery,Conservatory (Temperate House),,,,f9534ff8-4f22-4081-846f-c86099adfebe,1/30/2025 8:45:28 PM,None,,-9313163.2671,5205898.5129
28200,20184272,Cyperus papyrus,papyrus,Existing,Good,6/22/2000 12:00:00 AM,No,Plant of not wild source,Existing,Nursery or other commercial establishment,San Marcos Nursery,Conservatory (Temperate House),,,,d0519258-c4a3-47be-8242-3f0f7b9395b9,1/30/2025 8:45:28 PM,Metal Name Plate,Ground ,-9313167.4174,5205899.8949
28201,20250864,Sarracenia minor,hooded pitcherplant,Existing,Good,,No,Insufficient data to determine provenance,Existing,Unknown,,Conservatory (Temperate House),,,,0106e2dd-c07c-4d88-b4fa-ab82c9bbe9ef,11/12/2024 3:12:08 PM,None,,-9313171.2954,5205902.8347
28202,20250865,Drosera binata,forked sundew,Existing,Good,,No,Insufficient data to determine provenance,Existing,Unknown,,Conservatory (Temperate House),,,,da7f47af-1897-4dfb-8e0f-9654cbdcc8f0,1/30/2025 8:45:28 PM,None,,-9313171.2369,5205902.3272
28203,20250866,Sphagnum sp.,sphagnum moss,Existing,Good,,No,Insufficient data to determine provenance,Existing,Unknown,,Conservatory (Temperate House),,,,e4694a55-0a59-48d5-9566-29cac4202ae0,11/12/2024 3:13:43 PM,Metal Name Plate,Ground ,-9313170.7886,5205901.8778
28204,20250867,Dionaea muscipula,Venus flytrap,Existing,Good,,No,Insufficient data to determine provenance,Existing,Unknown,,Conservatory (Temperate House),,,,67c4f767-b370-4b54-a352-e1e88b191ed9,11/12/2024 3:04:23 PM,Metal Name Plate,Ground ,-9313170.7466,5205902.0885
28205,20250868,Salvia elegans,pineapple sage,Existing,Good,,No,Insufficient data to determine provenance,Existing,Unknown,,Conservatory (Temperate House),,,,ddfff36a-ba90-433e-9344-22a7f604eeed,11/26/2024 2:45:41 PM,None,,-9313150.4049,5205920.44
28206,20250869,Hakonechloa macra,Japanese forest grass,Existing,Good,,No,Insufficient data to determine provenance,Existing,Unknown,,Conservatory (Temperate House),,,,8df54459-3651-4d1b-b837-3209b16c1659,11/26/2024 6:57:00 PM,None,,-9313165.3749,5205895.8052
28207,20185256,Ficus pumila,climbing fig,Existing,Good,6/27/2000 12:00:00 AM,No,Plant of not wild source,Existing,Nursery or other commercial establishment,Classic Groundcovers,Conservatory (Temperate House),growing on brick wall of koi pond,,,07cb6d85-fb0b-48be-980b-36cb2cebbccc,1/30/2025 8:45:28 PM,None,,-9313161.3813,5205896.9623
28208,20250870,Sarracenia alata,yellow trumpets,Existing,Good,,No,Insufficient data to determine provenance,Existing,Unknown,,Conservatory (Temperate House),,,,221f5ae9-3c82-40b4-9647-82274f9b23f0,1/30/2025 8:45:28 PM,None,,-9313170.6707,5205902.7819
28209,20250871,Sarracenia leucophylla,crimson pitcherplant,Existing,Good,,No,Insufficient data to determine provenance,Existing,Unknown,,Conservatory (Temperate House),,,,99849c02-65e5-4b53-8b23-95b46bc40345,1/30/2025 8:45:28 PM,None,,-9313171.3798,5205899.9497
28210,20250872,Origanum vulgare,oregano,Existing,Good,,No,Insufficient data to determine provenance,Existing,Unknown,,Conservatory (Temperate House),,,,1b36dd81-6e4a-45bb-a2a9-4e665aa7176c,11/26/2024 2:47:48 PM,None,,-9313155.4141,5205924.2618
28211,20250873,Gossypium hirsutum,upland cotton,Existing,Good,,No,Insufficient data to determine provenance,Existing,Unknown,,Conservatory (Temperate House),,,,e1e0a361-26fb-4425-a00e-edec57150d72,11/26/2024 6:28:15 PM,None,,-9313149.9602,5205920.3523
28212,20250874,Adiantum hispidulum 'Bronze Venus',Bronze Venus rough maidenhair,Existing,Good,,No,Insufficient data to determine provenance,Existing,Unknown,,Conservatory (Temperate House),,,,89f97022-e0a8-4c4a-b254-0beaeccb04bb,11/26/2024 3:11:48 PM,None,,-9313159.232,5205892.8531
28213,20250875,Portulacaria pygmaea,pygmy porkbush,Existing,Good,,No,Insufficient data to determine provenance,Existing,Unknown,,Conservatory (Arid House),,,,63da447c-ccc1-4e97-acd4-5156de359de8,11/26/2024 5:21:57 PM,None,,-9313174.6371,5205884.1379
28214,20250876,Lithops sp.,living stone,Existing,Good,,No,Insufficient data to determine provenance,Existing,Unknown,,Conservatory (Arid House),,,,285116f5-fbaf-454f-89f4-48a9ad834f9b,12/11/2024 5:04:03 PM,Metal Name Plate,Ground ,-9313175.0428,5205885.2961
28215,20188593,Opuntia tomentosa,woollyjoint prickly pear,Existing,Good,1/1/1947 12:00:00 AM,No,Plant of wild source,Existing,University department,University of Michigan,Conservatory (Arid House),,Elzada Clover,collected 9/1/1946 in Guatemala,665af29e-67f4-48c4-a384-097fb1679025,12/10/2024 6:41:48 PM,Metal Name Plate,Ground ,-9313173.9911,5205892.9562
28216,20183194,Cereus repandus 'Monstrosus',Monstrosus Peruvian apple cactus,Existing,Good,7/1/1940 12:00:00 AM,No,Insufficient data to determine provenance,Existing,Botanic Garden or Arboretum,Huntington Botanical Gardens,Conservatory (Arid House),,,,87084eb0-5bbe-40b9-9fe1-a4ef893c14a7,1/30/2025 8:45:28 PM,Metal Name Plate,Ground ,-9313174.5178,5205890.7052
28217,20250877,Xerophyta sp.,xerophyta,Existing,Good,,No,Insufficient data to determine provenance,Existing,Unknown,,Conservatory (Arid House),,,,3a19e133-8fb7-4ae2-bbc7-bae9283a24f6,12/10/2024 6:48:51 PM,Metal Name Plate,Ground ,-9313175.242,5205890.0004
28218,20250878,Salvia apiana,white sage,Existing,Good,6/11/2012 12:00:00 AM,No,Plant of not wild source,Plant,Nursery or other commercial establishment,Annie's Annuals,Conservatory (Arid House),,,,86a5fa8b-daea-43a4-9fca-1836a89275e8,12/10/2024 6:52:57 PM,Metal Name Plate,Ground ,-9313175.2323,5205887.9434
28219,20250879,Agave bracteosa,spider agave,Existing,Good,,No,Insufficient data to determine provenance,Existing,Unknown,,Conservatory (Arid House),,,,11553282-6086-412f-beca-7fb2691a38a9,1/30/2025 8:45:28 PM,Metal Name Plate,Ground ,-9313174.473,5205888.5861
28220,20185940,Hechtia texensis,Texas false agave,Existing,Good,6/1/1939 12:00:00 AM,No,Insufficient data to determine provenance,Existing,Unknown,,Conservatory (Arid House),,,,fa95dc18-7605-4290-8aa2-2583b51fdd65,12/10/2024 6:55:47 PM,Metal Name Plate,Ground ,-9313174.031,5205889.7385
28221,20250880,Atriplex canescens,fourwing saltbush,Existing,Good,,No,Insufficient data to determine provenance,Existing,Unknown,,Conservatory (Arid House),,,,df0776d4-d46e-438e-96fd-336b7512bb38,12/10/2024 6:57:23 PM,Metal Name Plate,Ground ,-9313173.3871,5205887.6625
28222,20250881,Ferocactus glaucescens,glaucous barrel cactus,Existing,Good,8/1/1964 12:00:00 AM,No,Insufficient data to determine provenance,Existing,Individual,Art Swezey,Conservatory (Arid House),,,,0f1f7087-1bf0-42d7-b3cb-e3e1b0332cf2,12/10/2024 6:58:33 PM,None,,-9313173.3913,5205890.403
28223,20250882,Nolina sp.,nolina,Existing,Good,,No,Insufficient data to determine provenance,Existing,Unknown,,Conservatory (Arid House),,,,de4b8dde-64fe-40c9-97cd-5a82377cbac7,12/10/2024 6:43:49 PM,None,,-9313174.1649,5205891.3689
28224,20250883,Pereskia grandifolia,rose cactus,Existing,Good,,No,Insufficient data to determine provenance,Existing,Unknown,,Conservatory (Arid House),,,,ad81e367-d845-4f9c-bb8b-783dcbfce38c,12/10/2024 7:01:32 PM,Metal Name Plate,Ground ,-9313172.8374,5205890.9799
28225,20250884,Agave tequilana,tequila agave,Existing,Good,,No,Insufficient data to determine provenance,Existing,Botanic Garden or Arboretum,Desert Botanic Garden,Conservatory (Arid House),,,,fdf1666e-25a1-4c8e-9884-fb81e691674f,12/10/2024 7:04:11 PM,Metal Name Plate,Ground ,-9313172.0295,5205888.8669
28226,20250885,Beaucarnea recurvata,bottle-palm,Existing,Good,,No,Insufficient data to determine provenance,Existing,Unknown,,Conservatory (Arid House),,,,08025ecc-6b01-4763-9571-0d82b3b4f250,1/30/2025 8:45:28 PM,Metal Name Plate,Ground ,-9313170.6874,5205889.6663
28227,20188222,Praecereus saxicola,praecereus cactus,Existing,Good,5/27/1936 12:00:00 AM,No,Insufficient data to determine provenance,Existing,Unknown,,Conservatory (Arid House),,,,8c4ae527-ec60-4a23-8ebf-d1a489edd8cf,12/10/2024 7:11:16 PM,Metal Name Plate,Ground ,-9313171.4783,5205891.842
28228,20250886,Euphorbia geroldii,Gerold's spurge,Existing,Good,,No,Insufficient data to determine provenance,Existing,Unknown,,Conservatory (Arid House),,,,e3d39fb2-5a45-48bf-994d-34347af0ceb6,12/10/2024 7:16:47 PM,None,,-9313172.0145,5205892.6896
28229,20250887,Adansonia digitata,African baobab,Existing,Good,3/10/2012 12:00:00 AM,No,Plant of not wild source,Plant,Nursery or other commercial establishment,Top Tropicals,Conservatory (Arid House),,,,e5a1d55b-8091-4a6c-9ad3-c91e08dd8d55,12/10/2024 7:16:47 PM,Metal Name Plate,Ground ,-9313166.8542,5205888.3501
28230,20183380,Cissus rotundifolia,succulent grape,Existing,Good,7/1/1961 12:00:00 AM,No,Insufficient data to determine provenance,Existing,Unknown,,Conservatory (Arid House),,,,4ef27517-6e81-49f6-8f3e-01f6362a1d03,1/30/2025 8:45:28 PM,Metal Name Plate,Ground ,-9313169.7776,5205892.4565
28231,20184868,Epiphyllum oxypetalum,Dutchman's pipe cactus,Existing,Good,6/5/1998 12:00:00 AM,No,Insufficient data to determine provenance,Existing,Unknown,,Conservatory (Arid House),,,,9a417cf4-476d-40fe-aaa3-7a4a42747643,1/30/2025 9:00:23 PM,Metal Name Plate,Ground ,-9313167.7661,5205892.1814
28232,20250888,Pilosocereus leucocephalus,old man cactus,Existing,Good,4/14/2004 12:00:00 AM,No,Propagule from wild source plant in cultivation,Cutting,Botanic Garden or Arboretum,Matthaei Botanical Gardens and Nichols Arboretum,Conservatory (Arid House),,,,e31549d5-6a20-44bd-996a-c2b87caef0ec,12/10/2024 7:30:09 PM,Metal Name Plate,Ground ,-9313168.5231,5205891.3783
28233,20250889,Adansonia grandidieri,Grandidieri's baobab,Existing,Good,,No,Insufficient data to determine provenance,Existing,Unknown,,Conservatory (Arid House),,,,ff157d76-cb8e-4934-aec6-f63a17a0dc98,12/10/2024 7:30:09 PM,Metal Name Plate,Ground ,-9313168.6367,5205890.2739
28234,20250890,Euphorbia bicompacta var. rubra,African red milk bush,Existing,Good,,No,Insufficient data to determine provenance,Existing,Unknown,,Conservatory (Arid House),,,,51858eed-5e59-4449-833f-8caa1920cdcb,12/10/2024 7:37:51 PM,Metal Name Plate,Ground ,-9313166.2898,5205891.6963
28235,20250891,Kalanchoe beharensis,velvet leaf plant,Existing,Good,,No,Insufficient data to determine provenance,Existing,Unknown,,Conservatory (Arid House),,,,a1095ae2-b818-4512-b234-9af9b9c34f26,12/10/2024 7:37:51 PM,None,,-9313165.1492,5205891.1725
28236,20250892,Eulophia petersii,desert orchid,Existing,Good,,No,Insufficient data to determine provenance,Existing,Individual,Frank Omelion,Conservatory (Arid House),,,,25c8bed7-5ac2-4a6d-83dd-46fad403129c,12/10/2024 7:44:32 PM,Metal Name Plate,Ground ,-9313170.0895,5205888.2404
28237,20250893,Eulophia petersii,desert orchid,Existing,Good,,No,Insufficient data to determine provenance,Existing,Individual,Frank Omelion,Conservatory (Arid House),,,,d0579a04-38d0-480e-bb08-d884662071fd,12/10/2024 7:44:32 PM,Metal Name Plate,Ground ,-9313167.6479,5205891.1823
28238,201816496,Yucca treculiana,Spanish dagger,Existing,,8/29/1930 12:00:00 AM,No,Plant of wild source,Existing,University department,University of Michigan,Conservatory (Arid House),,Elzada Clover,"collected 8/1/1930 in Marmolejo, Tamaulipas, Mexico",725e8946-ba43-4d24-9104-4ba344d299db,12/11/2024 2:33:25 PM,Metal Name Plate,Ground ,-9313165.3143,5205888.1877
28239,20250894,Euphorbia heteropodum var. heteropodum,euphorbia,Existing,Good,7/1/1961 12:00:00 AM,No,Insufficient data to determine provenance,Existing,Individual,Otto Laporte,Conservatory (Arid House),,,,1dc8fb99-0742-45ba-871b-2d5a666d5a57,12/11/2024 3:25:34 PM,Metal Name Plate,Ground ,-9313161.6557,5205886.0555
28240,20250895,Euphorbia sp.,euphorbia,Existing,Good,,No,Insufficient data to determine provenance,Existing,Unknown,,Conservatory (Arid House),,,,b3866f23-e07a-4876-a63a-7a594f0dea77,12/11/2024 4:52:28 PM,None,,-9313163.4908,5205888.9475
28241,20180975,Aloidendron barberae,tree aloe,Existing,Good,7/1/1966 12:00:00 AM,No,Insufficient data to determine provenance,Existing,Unknown,,Conservatory (Arid House),,,,7dba960f-f6c5-4101-bcc2-7a43aefebe7f,1/30/2025 8:45:28 PM,Metal Name Plate,Ground ,-9313164.1588,5205891.4499
28242,20250896,Pachypodium lamerei,,Existing,Good,8/27/1984 12:00:00 AM,No,Insufficient data to determine provenance,Existing,University department,"University of California, Santa Barbara",Conservatory (Arid House),,,,24086d29-57fc-477c-96b8-2ebfb50eec35,12/11/2024 5:03:02 PM,Metal Name Plate,Ground ,-9313163.3192,5205890.0072
28243,20250897,Aloidendron barberae,tree aloe,Existing,Good,,No,Insufficient data to determine provenance,Existing,Unknown,,Conservatory (Arid House),,,,52ebeefd-342c-4294-a85f-27d95230420a,1/22/2025 3:37:55 PM,None,,-9313161.547,5205891.0071
28244,20250898,Dracaena subspicata,red-edged sansevieria,Existing,Good,,No,Insufficient data to determine provenance,Existing,Unknown,,Conservatory (Arid House),On back wall as well,,,f0095d9a-0ced-46e1-9d76-01ad83eae550,12/11/2024 2:42:04 PM,Metal Name Plate,Ground ,-9313163.0719,5205890.9653
28245,20180978,Aloiampelos ciliaris,climbing aloe,Existing,Good,4/9/2004 12:00:00 AM,No,Insufficient data to determine provenance,Existing,Botanic Garden or Arboretum,Missouri Botanical Garden,Conservatory (Arid House),,,,42942f14-0ca8-4092-beca-f1ed35c4ea71,1/30/2025 8:45:28 PM,Metal Name Plate,Ground ,-9313153.8219,5205889.4697
28246,20250899,Dracaena angolensis,spear snake plant,Existing,Good,6/1/1926 12:00:00 AM,No,Insufficient data to determine provenance,Existing,Botanic Garden or Arboretum,United States National Museum,Conservatory (Arid House),,,,5d3310f7-2b6d-4d70-9364-8f6edcaec33c,1/30/2025 8:45:28 PM,Metal Name Plate,Ground ,-9313156.4865,5205890.3914
28247,20250900,Euphorbia splendens,crown of thorns,Existing,Good,,No,Insufficient data to determine provenance,Existing,Unknown,,Conservatory (Arid House),,,,6cf8d199-5dbc-4627-b9b0-4d5ef98ebf33,12/11/2024 2:55:45 PM,Metal Name Plate,Ground ,-9313160.9474,5205889.9468
28248,20250901,Ephedra viridis,"mormon tea, green ephedra",Existing,Good,,No,Insufficient data to determine provenance,Existing,Unknown,,Conservatory (Arid House),,,,313ac8fe-11f0-428f-a1d1-0498698bd9df,12/11/2024 4:49:24 PM,Metal Name Plate,Ground ,-9313161.0058,5205887.1532
28249,20250902,Ephedra viridis,"mormon tea, green ephedra",Existing,Good,,No,Insufficient data to determine provenance,Existing,Unknown,,Conservatory (Arid House),,,,f364ebad-069b-4f8e-acd5-55beba980564,12/11/2024 4:47:52 PM,Metal Name Plate,Ground ,-9313159.2019,5205885.4895
28250,20250903,Bursera hindsiana,red elephant tree,Existing,Good,,No,Insufficient data to determine provenance,Existing,Unknown,,Conservatory (Arid House),,,,5c0b0d54-3e6c-4640-9c23-ad2ea554fb3b,12/11/2024 3:17:09 PM,Metal Name Plate,Ground ,-9313158.8742,5205886.7825
28251,20250904,Aloe vera,Barbados aloe,Existing,Good,4/9/2004 12:00:00 AM,No,Insufficient data to determine provenance,Existing,Unknown,,Conservatory (Arid House),,,,c064dee1-f9bb-446e-ace6-31d2b02d07cb,1/30/2025 8:45:28 PM,None,,-9313160.5195,5205887.901
28252,20250905,Euphorbia canariensis,Canary Island spurge,Existing,Good,2/2/2004 12:00:00 AM,No,Insufficient data to determine provenance,Existing,Nursery or other commercial establishment,Wildlife Greenhouses,Conservatory (Arid House),,,,fdc2411c-dde3-48ac-ab05-f59fbd242961,12/11/2024 4:52:28 PM,None,,-9313158.6982,5205888.826
28253,20250906,Cyphostemma juttae,blue cobas,Existing,Good,,No,Insufficient data to determine provenance,Existing,Unknown,,Conservatory (Arid House),,,,3b326dcb-f2c7-4da4-8e01-361cf828ddc9,1/30/2025 8:45:28 PM,Metal Name Plate,Ground ,-9313156.8841,5205887.5655
28254,20250907,Atriplex canescens,fourwing saltbush,Existing,Good,,No,Insufficient data to determine provenance,Existing,Unknown,,Conservatory (Arid House),,,,6a88177d-69b1-4c67-a7a2-500e9c64e745,12/11/2024 3:12:18 PM,Metal Name Plate,Ground ,-9313156.6256,5205885.2727
28255,20182128,Boswellia sacra,frankincense,Existing,Good,10/1/2002 12:00:00 AM,No,Insufficient data to determine provenance,Existing,Unknown,,Conservatory (Arid House),,,,fb2d1b6a-f856-4229-8bdb-a75e4e55776a,1/30/2025 8:45:28 PM,Metal Name Plate,Ground ,-9313155.4918,5205885.8561
28256,20180977,Aloe camperi,popcorn aloe,Existing,Good,1/1/1917 12:00:00 AM,No,Insufficient data to determine provenance,Existing,Unknown,,Conservatory (Arid House),,,,6b06acac-f0f5-4d94-9e93-6a394620b5b2,1/30/2025 8:45:28 PM,Metal Name Plate,Ground ,-9313154.1516,5205887.2377
28257,20250908,Dracaena volkensii,saber-like snake plant,Existing,Good,12/1/1985 12:00:00 AM,No,Insufficient data to determine provenance,Existing,Unknown,,Conservatory (Arid House),,,,4109be04-c6b1-483f-acf4-0f8d252af0a8,1/30/2025 8:45:28 PM,Metal Name Plate,Ground ,-9313158.8311,5205890.7001
28258,20250909,Lemaireocereus sp.,lemaireocereus cactus,Existing,Good,,No,Insufficient data to determine provenance,Existing,Unknown,,Conservatory (Arid House),,,,e7ec10b2-c0c0-4db8-b1f4-fc9a5cc04503,11/26/2024 5:13:50 PM,Metal Name Plate,Ground ,-9313176.2555,5205881.2845
28259,20250910,Kroenleinia grusonii,golden barrel cactus,Existing,Good,6/3/1975 12:00:00 AM,No,Plant of not wild source,,Unknown,,Conservatory (Arid House),,,,ed71412d-1d34-4227-ba89-34a7be3638a7,11/26/2024 4:41:54 PM,Metal Name Plate,Ground ,-9313176.7697,5205878.8113
28260,20250911,Trichocereus sp.,trichocereus cactus,Existing,Good,,No,Insufficient data to determine provenance,Existing,Unknown,,Conservatory (Arid House),,,,5635bc35-e252-4386-96ea-94e497ce2c9b,11/26/2024 4:58:17 PM,Metal Name Plate,Ground ,-9313174.9087,5205880.4388
28261,20250912,Haageocereus sp.,haageocereus cactus,Existing,Good,,No,Insufficient data to determine provenance,Existing,Unknown,,Conservatory (Arid House),,,,29fe709e-0203-4779-a765-5c2f5f6d3aa1,11/26/2024 4:55:55 PM,Metal Name Plate,Ground ,-9313174.5756,5205881.5768
28262,20181739,Astrophytum ornatum,bishop's hat,Existing,Good,1/1/1986 12:00:00 AM,No,Insufficient data to determine provenance,Existing,Unknown,,Conservatory (Arid House),,,,33e59633-93fe-437a-a943-2d7c6f63e93e,1/30/2025 8:45:28 PM,Metal Name Plate,Ground ,-9313174.5996,5205882.7674
28263,20250913,Euphorbia polygona,African milk barrel cactus,Existing,Good,1/24/1980 12:00:00 AM,No,Insufficient data to determine provenance,Existing,Unknown,,Conservatory (Arid House),,,,4b15f336-1205-4b39-8ebe-54b2a3a9933b,11/26/2024 3:19:15 PM,Metal Name Plate,Ground ,-9313156.368,5205880.3875
28264,20250914,Euphorbia pseudocactus,euphorbia,Existing,Good,8/27/1979 12:00:00 AM,No,Insufficient data to determine provenance,Existing,Unknown,,Conservatory (Arid House),,,,431e7a15-4da7-4605-80d3-28e87671184f,11/26/2024 3:23:57 PM,Metal Name Plate,Ground ,-9313156.7087,5205879.621
28265,20250915,Euphorbia caerulescens,blue euphorbia,Existing,Good,,No,Insufficient data to determine provenance,Existing,Unknown,,Conservatory (Arid House),,,,2b77ccaa-5f80-4c6f-b912-99e7320e47de,11/26/2024 3:48:01 PM,Metal Name Plate,Ground ,-9313157.117,5205877.5464
28267,20250917,Euphorbia tirucalli,Indiantree spurge,Existing,Good,,No,Insufficient data to determine provenance,Existing,Unknown,,Conservatory (Arid House),,,,f44bd75c-5156-4093-85e5-b003a9f74e88,12/2/2024 4:10:56 PM,Metal Name Plate,Ground ,-9313157.1298,5205876.5799
28268,20250918,Euphorbia fruticosa,gopher plant,Existing,Good,,No,Insufficient data to determine provenance,Existing,Individual,Frank Omelion,Conservatory (Arid House),,,,3143b508-066c-4f22-a872-9253378b2948,11/26/2024 3:48:01 PM,None,,-9313157.3761,5205876.04
28269,20250919,Euphorbia sp.,euphorbia,Existing,Good,,No,Insufficient data to determine provenance,Existing,Unknown,,Conservatory (Arid House),,,,acc8fc9a-f1ac-4e31-b19e-c2270331c213,1/28/2025 9:02:26 PM,None,,-9313156.0834,5205875.7434
28270,20250920,Euphorbia sp.,euphorbia,Existing,Good,,No,Insufficient data to determine provenance,Existing,Unknown,,Conservatory (Arid House),,,,afdfea19-e54f-48a3-8c3b-9c6a0daf7e32,1/28/2025 9:02:26 PM,None,,-9313155.7645,5205875.6992
28271,20250921,Euphorbia griseola,euphorbia,Existing,Good,4/9/1981 12:00:00 AM,No,Insufficient data to determine provenance,Existing,Unknown,,Conservatory (Arid House),,,,0f738cf2-fb81-4295-85ee-a7b63899bb5a,11/26/2024 4:26:41 PM,None,,-9313155.753,5205876.3981
28272,20250922,Euphorbia sp.,euphorbia,Existing,Good,,No,Insufficient data to determine provenance,Existing,Unknown,,Conservatory (Arid House),,,,32e07f70-2ecc-446e-9dc1-e94ea8bbfb06,1/28/2025 9:02:26 PM,None,,-9313155.4063,5205877.5657
28273,20250923,Euphorbia candelabrum,candelabra tree,Existing,Good,8/1/1962 12:00:00 AM,No,Insufficient data to determine provenance,Existing,University department,MaKerera College,Conservatory (Arid House),,,,40c65d65-b28d-4a51-b73f-0bc93602dfd1,11/26/2024 4:09:34 PM,Metal Name Plate,Ground ,-9313156.3291,5205877.9834
28274,20250924,Euphorbia misera,cliff spurge,Existing,Good,,No,Insufficient data to determine provenance,Existing,Unknown,,Conservatory (Arid House),,,,231a4de6-d092-4cc6-a1dd-031cec1d938d,1/28/2025 9:02:26 PM,None,,-9313155.4912,5205879.0175
28275,20250925,Euphorbia splendens,crown of thorns,Existing,Good,,No,Insufficient data to determine provenance,Existing,Unknown,,Conservatory (Arid House),,,,b1f645e8-0426-43be-a60c-0dd16114838b,11/26/2024 3:11:48 PM,Metal Name Plate,Ground ,-9313155.283,5205880.8061
28276,20250926,Euphorbia sp.,euphorbia,Existing,Good,,No,Insufficient data to determine provenance,Existing,Unknown,,Conservatory (Arid House),,,,a80af69c-d995-4062-887b-ff919e248d8d,1/28/2025 9:02:26 PM,None,,-9313155.0919,5205880.0179
28279,20250928,Pachyphytum 'Blue Haze',Blue Haze pachyphytum,Existing,Good,11/9/1993 12:00:00 AM,No,Insufficient data to determine provenance,Existing,Unknown,,Conservatory (Arid House),,,,7a302452-c477-4e0e-98d6-b77be239d99b,12/11/2024 7:18:59 PM,Metal Name Plate,Ground ,-9313169.7095,5205884.3748
28280,20250929,Pachypodium succulentum,bottle tree,Existing,Good,,No,Insufficient data to determine provenance,Existing,Individual,Frank Omelion,Conservatory (Arid House),,,,2330dc65-3dfc-4ab8-8103-4a41283ef6d2,12/11/2024 7:13:19 PM,Metal Name Plate,Ground ,-9313169.0746,5205884.0309
28282,20250931,Gasteria gracilis,ox-tongue,Existing,Good,4/9/2004 12:00:00 AM,No,Insufficient data to determine provenance,Existing,Unknown,,Conservatory (Arid House),,,,2aabde52-2bd3-4681-8ac9-d1aa60d4f501,12/11/2024 6:50:42 PM,Metal Name Plate,Ground ,-9313166.1177,5205882.3921
28283,20250932,Gasteria ×cheilophylla,hybrid ox-tongue,Existing,Good,1/1/1916 12:00:00 AM,No,Insufficient data to determine provenance,Existing,Unknown,,Conservatory (Arid House),,,,2e1ca517-b76f-4950-9b91-38cdc072a94e,12/11/2024 6:56:22 PM,Metal Name Plate,Ground ,-9313164.8235,5205883.3466
28284,20250933,Operculicarya decaryi,jabily,Existing,Good,,No,Insufficient data to determine provenance,Existing,Unknown,,Conservatory (Arid House),,,,96afd564-8101-4a3f-9ca8-15f5984b0b45,12/11/2024 6:48:31 PM,Metal Name Plate,Ground ,-9313164.5685,5205883.1156
28285,20250934,Haworthiopsis reinwardtii,wart plant,Existing,Good,11/16/1993 12:00:00 AM,No,Insufficient data to determine provenance,Existing,Unknown,,Conservatory (Arid House),,,,7e1c0190-179a-44d7-b7a8-7608fb1eb598,12/11/2024 6:53:07 PM,Metal Name Plate,Ground ,-9313164.4045,5205883.8526
28286,20250935,Gasteria obliqua,ox-tongue,Existing,Good,6/9/1930 12:00:00 AM,No,Insufficient data to determine provenance,Existing,University department,University of Pennsylvania,Conservatory (Arid House),,,,65480958-c46f-4b1e-9658-581cd3952fb5,12/11/2024 6:40:44 PM,Metal Name Plate,Ground ,-9313162.6021,5205883.6335
28287,20250936,Aloe sp.,aloe,Existing,Good,,No,Insufficient data to determine provenance,Existing,Unknown,,Conservatory (Arid House),,,,3032e239-c55e-4007-b3f5-3561047e16e4,1/30/2025 8:45:28 PM,None,,-9313163.9822,5205881.724
28288,20184715,Echeveria pulvinata var. leucotricha,chenille plant,Existing,Good,6/9/1998 12:00:00 AM,No,Insufficient data to determine provenance,Existing,Unknown,,Conservatory (Arid House),,,,e06b295f-c908-4825-bb0f-183ec39bf592,1/30/2025 8:45:28 PM,Metal Name Plate,Ground ,-9313164.4408,5205880.323
28289,20250937,Portulacaria afra,elephant bush,Existing,Good,,No,Insufficient data to determine provenance,Existing,Unknown,,Conservatory (Arid House),,,,8f8bd39b-cbd1-4aaa-93a9-85cc73a1c7d3,12/11/2024 9:11:05 PM,None,,-9313163.7493,5205880.4774
28290,20184027,Crassula perfoliata var. falcata,propeller plant,Existing,Good,6/26/1931 12:00:00 AM,No,Insufficient data to determine provenance,Existing,University department,Smith College,Conservatory (Arid House),,,,c210ddc4-413f-421b-8989-f54aafd6293f,1/30/2025 8:45:28 PM,Metal Name Plate,Ground ,-9313163.2167,5205879.9995
28291,20180949,Alluaudia procera,Madagascar ocotillo,Existing,Good,8/11/1980 12:00:00 AM,No,Plant of not wild source,Existing,Individual,Frank Omilion,Conservatory (Arid House),,,,92faded3-ab85-4194-9dc3-abb96ac44064,1/30/2025 8:45:28 PM,None,,-9313161.7137,5205880.5355
28292,20183379,Cissus quadrangularis,veldt-grape,Existing,Good,8/5/1974 12:00:00 AM,No,Insufficient data to determine provenance,Existing,Botanic Garden or Arboretum,Boyce Thompson Southwest Arboretum,Conservatory (Arid House),,,,c2d6d6a5-1c69-4e2c-b02c-a279d35ad57d,1/30/2025 8:45:28 PM,Metal Name Plate,Ground ,-9313159.3053,5205880.695
28293,20250938,Kleinia fulgens,coral senecio,Existing,Good,,No,Insufficient data to determine provenance,Existing,Unknown,,Conservatory (Arid House),,,,a82c74d3-acf9-4753-8215-ac35632ca636,12/11/2024 7:47:30 PM,Metal Name Plate,Ground ,-9313160.3168,5205879.3707
28294,20250939,Haworthiopsis attenuata,zebra haworthia,Existing,Good,,No,Insufficient data to determine provenance,Existing,Unknown,,Conservatory (Arid House),,,,882c324a-d6e1-4ab2-a0c5-d3d6257b050d,12/11/2024 6:29:12 PM,None,,-9313162.0699,5205883.4348
28295,20180983,Aloe perryi,Perry's aloe,Existing,Good,3/14/1979 12:00:00 AM,No,Insufficient data to determine provenance,Existing,University department,South Dakota State University,Conservatory (Arid House),,,,12332f81-b28b-4537-84dd-5a7bf8422da1,1/30/2025 8:45:28 PM,Metal Name Plate,Ground ,-9313162.1503,5205883.0146
28296,20250940,Haworthiopsis reinwardtii f. kaffirdriftensis,wart plant,Existing,Good,,No,Insufficient data to determine provenance,Existing,Unknown,,Conservatory (Arid House),,,,bba902c0-6390-4018-8590-e37f79b8ad54,12/11/2024 6:42:56 PM,None,,-9313163.5064,5205883.7558
28297,20250941,Haworthia cooperi,haworthia,Existing,Good,2/23/1982 12:00:00 AM,No,Insufficient data to determine provenance,Existing,Unknown,,Conservatory (Arid House),,,,5cdb815b-e737-4418-a83c-e38639535fbe,12/11/2024 6:24:15 PM,Metal Name Plate,Ground ,-9313161.6044,5205883.5257
28298,20250942,Dracaena trifasciata 'Hahnii',Hahnii snake plant,Existing,Good,8/10/1960 12:00:00 AM,No,Insufficient data to determine provenance,Existing,University department,Indiana University,Conservatory (Arid House),,,,12763356-936a-4a57-a676-bdaa5f28c621,1/30/2025 8:45:28 PM,Metal Name Plate,Ground ,-9313160.5116,5205883.0004
28299,20250943,Ruschia maxima,,Existing,Good,,No,Insufficient data to determine provenance,Existing,Unknown,,Conservatory (Arid House),,,,6ba4c701-5b44-4dd5-9527-4b8932710e0b,12/11/2024 6:21:45 PM,None,,-9313159.2946,5205882.9642
28300,20184026,Crassula perfoliata,propeller plant,Existing,Good,5/12/1940 12:00:00 AM,No,Insufficient data to determine provenance,Existing,Botanic Garden or Arboretum,Huntington Botanical Gardens,Conservatory (Arid House),,,,cf4a344f-f42d-4848-ada8-b35bfeebf017,1/30/2025 8:45:28 PM,Metal Name Plate,Ground ,-9313159.0084,5205883.0922
28301,201813969,Curio rowleyanus,string of beads,Existing,Good,1/1/1986 12:00:00 AM,No,Insufficient data to determine provenance,Existing,Unknown,,Conservatory (Arid House),,,,3e5ea848-d528-43d4-b35a-6d8b46d6a8e6,1/30/2025 8:45:28 PM,Metal Name Plate,Ground ,-9313158.995,5205882.0158
28302,20250944,Gasteria obliqua,ox-tongue,Existing,Good,2/3/2003 12:00:00 AM,No,Insufficient data to determine provenance,Existing,Nursery or other commercial establishment,Saguaro Nursery,Conservatory (Arid House),,,,4366dff2-d3d3-4a8e-a456-2b0801d7bfc6,12/11/2024 6:05:50 PM,Metal Name Plate,Ground ,-9313158.7954,5205882.5435
28303,20250945,Mammillaria sp.,pincushion cactus,Existing,Good,,No,Insufficient data to determine provenance,Existing,Unknown,,Conservatory (Arid House),,,,70e51b44-c98a-456c-a7a2-2fb2237c9987,12/10/2024 5:05:02 PM,Metal Name Plate,Ground ,-9313167.0112,5205877.2879
28304,20250946,Echinocereus sp.,hedgehog cactus,Existing,Good,,No,Insufficient data to determine provenance,Existing,Unknown,,Conservatory (Arid House),,,,91457c0d-3fe9-4dbf-8238-f026c174a14f,1/28/2025 9:06:05 PM,None,,-9313166.4265,5205877.5383
28305,20250947,Echinopsis sp.,Easter lily cactus,Existing,Good,,No,Insufficient data to determine provenance,Existing,Unknown,,Conservatory (Arid House),,,,4d3d94f6-3ef1-4257-9541-63fb2cb00cb4,1/28/2025 9:06:05 PM,Metal Name Plate,Ground ,-9313166.1204,5205877.2436
28306,20250948,Echinocereus sp.,hedgehog cactus,Existing,Good,,No,Insufficient data to determine provenance,Existing,Unknown,,Conservatory (Arid House),,,,e0c877df-838e-45c8-ab88-b95b244c8e7f,12/10/2024 5:03:56 PM,None,,-9313167.8057,5205877.4146
28307,20250949,Parodia lenninghausii,lemon ball cactus,Existing,Good,1/1/1986 12:00:00 AM,No,Insufficient data to determine provenance,Existing,Unknown,,Conservatory (Arid House),,,,046c4ef8-873f-416f-94c3-ccabc3b6e234,12/10/2024 5:03:56 PM,None,,-9313165.6447,5205877.1431
28308,20250950,Stenocereus griseus,dagger cactus,Existing,Good,10/31/1946 12:00:00 AM,No,Plant of wild source,Existing,University department,University of Michigan,Conservatory (Arid House),,Elzada Clover,"collected 8/21/1946 in El Rancho, Guatemala",3f6f654a-f880-404e-b898-a5b5dd0d5601,12/10/2024 4:41:34 PM,Metal Name Plate,Ground ,-9313164.9265,5205877.9004
28309,20183429,Cleistocactus winteri,golden rat tail cactus,Existing,Good,2/19/1982 12:00:00 AM,No,Insufficient data to determine provenance,Existing,Botanic Garden or Arboretum,Denver Botanic Garden,Conservatory (Arid House),,,,a141a4bc-3629-4eb2-a36a-071e8ab47e6e,1/30/2025 8:45:28 PM,Metal Name Plate,Ground ,-9313164.8784,5205877.4358
28310,20250951,Lemaireocereus hollianus,baboso,Existing,Poor,6/11/1956 12:00:00 AM,No,Plant of not wild source,Existing,Individual,"Paul F. Kluth, Howard Gates Cactus Nursery",Conservatory (Arid House),,,,910a62a3-6033-4183-8f3c-6958fc714673,12/10/2024 4:44:39 PM,Metal Name Plate,Ground ,-9313164.4404,5205877.7952
28311,20184752,Echinocereus pentalophus,ladyfinger cactus,Existing,Good,3/1/1934 12:00:00 AM,No,Plant of wild source,Existing,University department,University of Michigan,Conservatory (Arid House),,Elzada Clover,"collected 3/1/1934 in Rio Grande City, Texas",0cd3e68e-bb57-424d-bd74-4cf1284579a3,1/30/2025 9:00:23 PM,None,,-9313164.2522,5205877.1515
28312,20250952,Echinocereus scheeri var. scheeri,hedgehog cactus,Existing,Good,11/4/1943 12:00:00 AM,No,Plant of not wild source,Existing,Nursery or other commercial establishment,Knickerbocker Nursery,Conservatory (Arid House),,,,c74f3218-76c9-42b0-8e6b-7dfa62939c18,1/30/2025 9:00:23 PM,None,,-9313164.0383,5205876.9259
28313,20250953,Acanthocereus tetragonus,triangle cactus,Existing,Good,,No,Insufficient data to determine provenance,Existing,Unknown,,Conservatory (Arid House),,,,4cef68f0-0d8e-4f07-884a-82b13d1dd464,1/30/2025 8:45:28 PM,Metal Name Plate,Ground ,-9313163.4554,5205877.5993
28314,20250954,Opuntia deamii,prickly pear,Existing,Good,12/8/1987 12:00:00 AM,No,Propagule from wild source plant in cultivation,Cutting,Botanic Garden or Arboretum,Matthaei Botanical Gardens and Nichols Arboretum,Conservatory (Arid House),,,,f67c5d1b-9f95-49a0-92c0-616fdc69b96c,1/28/2025 9:03:53 PM,Metal Name Plate,Ground ,-9313160.3961,5205876.4982
28315,20250955,Opuntia microdasys,angel's-wings,Existing,Good,9/28/1939 12:00:00 AM,No,Insufficient data to determine provenance,Existing,Unknown,,Conservatory (Arid House),,,,82757d96-0191-46fa-84b4-1645699741d7,12/10/2024 4:16:39 PM,Metal Name Plate,Ground ,-9313159.5955,5205877.3931
28316,20183428,Cleistocactus strausii,silver torch cactus,Existing,Good,9/1/1936 12:00:00 AM,No,Plant of wild source,Existing,University department,University of Michigan- Biology,Conservatory (Arid House),,Elzada Clover,collected 9/1/1936 in Chile,bba279a6-a955-43fa-85dd-ec842c4f0226,1/30/2025 8:45:28 PM,None,,-9313164.634,5205878.3015
28317,20250956,Kroenleinia grusonii,golden barrel cactus,Existing,Good,1/1/1986 12:00:00 AM,No,Insufficient data to determine provenance,Existing,Individual,Carol Sterhan Knupp,Conservatory (Arid House),,,,02591262-dfe6-41a8-b91a-c3062f9bc240,12/10/2024 4:20:39 PM,Metal Name Plate,Ground ,-9313164.2938,5205878.5181
28318,20250957,Ferocactus histrix,ferocactus,Existing,Good,11/9/1993 12:00:00 AM,No,Insufficient data to determine provenance,Existing,Unknown,,Conservatory (Arid House),,,,7ccfbe43-f0de-4613-ae97-40e4663fab85,12/10/2024 4:26:10 PM,Metal Name Plate,Ground ,-9313165.3118,5205878.6466
28319,20185002,Espostoa lanata subsp. huanucoensis,Peruvian old man cactus,Existing,Good,7/1/1961 12:00:00 AM,No,Insufficient data to determine provenance,Existing,Unknown,,Conservatory (Arid House),,,,e55948ce-1bc4-48e8-bcf5-5514a298588e,1/30/2025 9:00:23 PM,Metal Name Plate,Ground ,-9313165.3602,5205878.2916
28320,20250958,Euphorbia milii var. splendens,crown-of-thorns,Existing,Good,,No,Insufficient data to determine provenance,Existing,Unknown,,Conservatory (Arid House),,,,5682d05a-4f0f-4305-98b9-da9a11fee760,12/11/2024 7:46:21 PM,None,,-9313166.6535,5205877.8435
28321,20182147,Bowiea volubilis,climbing onion,Existing,Good,1/1/1986 12:00:00 AM,No,Insufficient data to determine provenance,Existing,Unknown,,Conservatory (Arid House),,,,d4c27dbc-8cff-4e13-b93f-d02d4130ae5d,1/30/2025 8:45:28 PM,Metal Name Plate,Ground ,-9313168.2585,5205879.5275
28322,20250959,Pilosocereus leucocephalus,old man cactus,Existing,Good,10/13/1998 12:00:00 AM,No,Propagule from wild source plant in cultivation,Cutting,Botanic Garden or Arboretum,Matthaei Botanical Gardens and Nichols Arboretum,Conservatory (Arid House),,,,ed139191-b4e1-4ed5-8482-010273b5c8f3,12/10/2024 5:24:15 PM,None,,-9313168.9662,5205878.9433
28323,20180554,Adromischus cristatus,crinkle-leaf plant,Existing,Good,7/9/1976 12:00:00 AM,No,Plant of not wild source,Existing,Botanic Garden or Arboretum,Longwood Gardens,Conservatory (Arid House),,,,06b15761-c936-48e1-81d3-18db72ca5a13,1/30/2025 8:45:28 PM,Metal Name Plate,Ground ,-9313169.3522,5205878.8065
28324,20250960,Ficus petiolaris,rock fig,Existing,Good,,No,Insufficient data to determine provenance,Existing,Unknown,,Conservatory (Arid House),,,,7bf3704d-be10-415d-bec8-951cf8b1cb51,12/10/2024 5:18:25 PM,Metal Name Plate,Ground ,-9313171.7034,5205878.9314
28325,20184025,Crassula ovata 'Gollum',Gollum jade plant,Existing,Good,6/11/1998 12:00:00 AM,No,Plant of not wild source,Existing,Unknown,,Conservatory (Arid House),,,,d0b7b478-a587-4c7b-b7d9-dd7d1ced58a4,1/30/2025 8:45:28 PM,Metal Name Plate,Ground ,-9313172.691,5205878.3337
28326,20250961,Albuca bracteata,false sea onion,Existing,Good,,No,Insufficient data to determine provenance,Existing,Unknown,,Conservatory (Arid House),,,,8fba281e-7c59-4015-b3b7-61159781297c,12/11/2024 7:45:42 PM,Metal Name Plate,Ground ,-9313168.0473,5205880.4363
28327,20250962,Haemanthus albiflos,dappled snowbrush,Existing,Good,7/1/1961 12:00:00 AM,No,Insufficient data to determine provenance,Existing,Unknown,,Conservatory (Arid House),,,,08008c5d-e19e-4e99-8b66-52e1e328e315,12/10/2024 5:57:48 PM,Metal Name Plate,Ground ,-9313169.9861,5205880.0198
28328,20250963,Espostoa lanata subsp. lanata,Peruvian old man cactus,Existing,Good,,No,Insufficient data to determine provenance,Existing,Unknown,,Conservatory (Arid House),,,,1d865a4c-7186-4ba7-b00e-af5557343c77,1/30/2025 9:00:23 PM,Metal Name Plate,Ground ,-9313170.3305,5205880.3728
28329,20250964,Acanthocereus tetragonus,triangle cactus,Existing,Good,,No,Insufficient data to determine provenance,Existing,Unknown,,Conservatory (Arid House),,,,0d586fbc-f47e-4710-a0b4-fe506a5b1706,1/30/2025 8:45:28 PM,Metal Name Plate,Ground ,-9313171.2618,5205879.8973
28330,20250965,Haworthia emelyae,haworthia,Existing,Good,,No,Insufficient data to determine provenance,Existing,Unknown,,Conservatory (Arid House),,,,ef0b1d7b-cf01-44a9-8662-ea7e60033fd8,1/28/2025 9:11:02 PM,None,,-9313171.8537,5205880.3845
28331,20250966,Aeonium sp.,aeonium,Existing,Good,,No,Insufficient data to determine provenance,Existing,Unknown,,Conservatory (Arid House),,,,06480828-89fe-4a5a-89cc-8197028edd41,1/30/2025 8:45:28 PM,Metal Name Plate,Ground ,-9313172.3944,5205880.7116
28332,20250967,Aloe vera,Barbados aloe,Existing,Good,,No,Insufficient data to determine provenance,Existing,Unknown,,Conservatory (Arid House),,,,0e827883-a8b6-420a-a7f0-e711a969d655,12/10/2024 7:47:16 PM,Metal Name Plate,Ground ,-9313166.3848,5205886.9537
28333,20250968,Euphorbia obesa,baseball plant,Existing,Good,,No,Insufficient data to determine provenance,Existing,Unknown,,Conservatory (Arid House),,,,820bd98c-1cc1-48ef-8518-7dc129438580,11/26/2024 3:23:57 PM,Metal Name Plate,Ground ,-9313167.2375,5205883.5219
28334,20250969,Euphorbia milii hybrid,hybrid crown of thorns,Existing,Good,,No,Insufficient data to determine provenance,Existing,Unknown,,Conservatory (Arid House),,,,6a721aa7-828c-40ae-9d68-e45c1650c5cc,1/28/2025 9:02:26 PM,None,,-9313156.7512,5205880.9971
28335,20250970,Opuntia streptacantha,white-spined prickly pear,Existing,Good,,No,Insufficient data to determine provenance,Existing,Unknown,,Conservatory (Arid House),,,,d0d942e7-75c5-42fa-9046-fd48b2c39c06,11/26/2024 5:07:09 PM,Metal Name Plate,Ground ,-9313175.4595,5205878.8184
28336,20250971,Opuntia ficus-indica,fig opuntia,Existing,Good,,No,Insufficient data to determine provenance,Existing,Unknown,,Conservatory (Arid House),,,,354e6390-e744-4aa8-b775-08fdd71a2e6a,11/26/2024 5:07:09 PM,None,,-9313176.5091,5205880.6655
28337,20250972,Kroenleinia grusonii,golden barrel cactus,Existing,Good,,No,Insufficient data to determine provenance,Existing,Unknown,,Conservatory (Arid House),,,,847485f9-c963-4f81-83bc-8ea3809a74f7,11/26/2024 4:41:54 PM,None,,-9313176.5388,5205881.036
28338,20250973,Ferocactus glaucescens,glaucous barrel cactus,Existing,Good,,No,Insufficient data to determine provenance,Existing,Unknown,,Conservatory (Arid House),,,,9d30c03d-2d64-408c-9424-5cdd786d7d02,11/26/2024 4:53:12 PM,Metal Name Plate,Ground ,-9313176.1959,5205882.2491
28339,20250974,Kroenleinia grusonii,golden barrel cactus,Existing,Good,,No,Insufficient data to determine provenance,Existing,Unknown,,Conservatory (Arid House),,,,49536d0b-6793-4786-a849-8abfee087f92,12/2/2024 3:39:25 PM,None,,-9313176.1405,5205882.9632
28340,20250975,Fenestraria rhopalophylla,baby toes,Existing,Good,,No,Insufficient data to determine provenance,Existing,Unknown,,Conservatory (Arid House),,,,6c30c9e4-a213-41e7-89d3-77d079c6bc5b,11/26/2024 5:25:15 PM,None,,-9313175.2874,5205884.1975
28341,20250976,Huernia zebrina,lifesaver cactus,Existing,Good,,No,Insufficient data to determine provenance,Existing,Unknown,,Conservatory (Arid House),,,,ea2cddfd-a0c7-4a7c-8213-d95a894539f9,12/11/2024 5:11:25 PM,None,,-9313165.7575,5205880.4361
28342,20250977,Pelargonium crithmifolium,samphire-leaved pelargonium,Existing,Good,,No,Insufficient data to determine provenance,Existing,Unknown,,Conservatory (Arid House),,,,472f2a36-8e00-4671-a659-4f15132a3a1a,12/11/2024 7:10:57 PM,Metal Name Plate,Ground ,-9313169.8247,5205882.97
28343,20250978,Pachypodium brevicaule,,Existing,Good,,No,Insufficient data to determine provenance,Existing,Individual,Frank Omelion,Conservatory (Arid House),,,,d0bbd626-2db7-44c6-9ce6-4d598264b127,12/11/2024 7:06:22 PM,None,,-9313168.047,5205883.035
28344,201813692,Sanchezia oblonga,zebra plant,Existing,Good,1/1/1917 12:00:00 AM,No,Insufficient data to determine provenance,Existing,Unknown,,Conservatory (Theodore and Kimberly Maged Tropical House),,,,ca3a94e0-5fb7-41f3-8343-2f3f48477805,3/25/2025 5:56:03 PM,Metal Name Plate,Ground ,-9313152.795,5205926.7895
28345,20250979,Thunbergia battiscombei,blue clock vine,Existing,Good,,No,Insufficient data to determine provenance,Existing,Unknown,,Conservatory (Theodore and Kimberly Maged Tropical House),,,,a80ef55a-4903-40a8-84e1-e4e103e031dc,3/25/2025 5:55:28 PM,Metal Name Plate,Ground ,-9313154.4187,5205927.0677
28346,201815130,Thunbergia mysorensis,lady's slipper vine,Existing,Good,3/17/2003 12:00:00 AM,No,Plant of not wild source,Plant,Nursery or other commercial establishment,Logee Greenhouses,Conservatory (Theodore and Kimberly Maged Tropical House),,,,850b1f23-e04e-435f-bbfe-5566df14957f,3/25/2025 5:54:52 PM,Metal Name Plate,Ground ,-9313159.6689,5205927.8999
28347,20250980,Bougainvillea spectabilis 'Vera Deep Purple',Vera Deep Purple great bougainvillea,Existing,Good,,No,Insufficient data to determine provenance,Existing,Unknown,,Conservatory (Theodore and Kimberly Maged Tropical House),,,,4806cebc-85d1-4fde-9b17-5490ec5ca859,3/25/2025 5:53:22 PM,Metal Name Plate,Ground ,-9313164.662,5205928.7041
28348,20188221,Monstera deliciosa,"tarovine, swiss-cheese plant, monstera",Existing,Good,9/10/1976 12:00:00 AM,No,Insufficient data to determine provenance,Existing,Unknown,,Conservatory (Theodore and Kimberly Maged Tropical House),,,,5b656655-913c-4239-ba23-574e992c87ed,3/25/2025 5:47:20 PM,None,,-9313167.8435,5205930.0001
28349,20250981,Monstera deliciosa 'Variegata',Variegata swiss cheese plant,Existing,Good,,No,Insufficient data to determine provenance,Existing,Unknown,,Conservatory (Theodore and Kimberly Maged Tropical House),,,,fc6b58f3-c595-495f-8c7c-c0c200f1bd9b,3/25/2025 5:52:41 PM,None,,-9313166.2303,5205928.9353
28350,20250982,Tradescantia spathacea,boat lily,Existing,Good,,No,Insufficient data to determine provenance,Existing,Unknown,,Conservatory (Theodore and Kimberly Maged Tropical House),,,,7ba529f7-c350-417b-914b-3224281c04b5,3/25/2025 5:51:49 PM,None,,-9313166.7851,5205929.0138
28351,20188048,Medinilla succulenta,medinilla,Existing,Good,,No,Insufficient data to determine provenance,Existing,Unknown,,Conservatory (Theodore and Kimberly Maged Tropical House),,,,a6f12764-0529-4558-93d3-595dba182708,3/25/2025 5:50:52 PM,Metal Name Plate,Ground ,-9313165.0969,5205927.8166
28352,20250983,Nymphaea 'Saint Louis',Saint Louis water lily,Existing,Good,,No,Insufficient data to determine provenance,Existing,Unknown,,Conservatory (Theodore and Kimberly Maged Tropical House),In pool,,,a00d001a-dec1-451a-a740-84719127b3ac,3/26/2025 3:07:44 PM,Metal Name Plate,Ground ,-9313154.8495,5205964.5103
28353,20250984,Zingiber officinale,garden ginger,Existing,Good,,No,Insufficient data to determine provenance,Existing,Unknown,,Conservatory (Theodore and Kimberly Maged Tropical House),,,,ade877ef-139e-4b7f-8f22-aab6cc08c35f,3/26/2025 2:37:28 PM,Metal Name Plate,Ground ,-9313150.007,5205921.5697
28354,20250985,Pimenta dioica,allspice,Existing,Good,2/27/2012 12:00:00 AM,No,Plant of not wild source,Plant,Nursery or other commercial establishment,Logee's Greenhouses,Conservatory (Theodore and Kimberly Maged Tropical House),,,,1c3a0b1a-ca56-4722-ba17-847d606e924c,3/26/2025 2:36:40 PM,Metal Name Plate,Ground ,-9313150.9252,5205921.6799
28355,20250986,Curcuma longa,turmeric,Existing,Poor,,No,Insufficient data to determine provenance,Existing,Unknown,,Conservatory (Theodore and Kimberly Maged Tropical House),,,,85182808-49f8-410f-9351-0dac3bb01a1f,3/26/2025 2:36:07 PM,Metal Name Plate,Ground ,-9313152.1039,5205921.8545
28356,20250987,Alpinia officinarum,lesser galangal,Existing,Good,,No,Insufficient data to determine provenance,Existing,Unknown,,Conservatory (Theodore and Kimberly Maged Tropical House),,,,39599d04-562e-410b-b5d6-655066ce3c47,3/26/2025 2:35:26 PM,None,,-9313153.0006,5205921.9652
28357,20250988,Citrus hystrix,Thai lime,Existing,Good,,No,Insufficient data to determine provenance,Existing,Unknown,,Conservatory (Theodore and Kimberly Maged Tropical House),,,,7ff1b1d9-873c-46ec-ad1f-0ad9399280e7,3/26/2025 2:32:48 PM,Metal Name Plate,Ground ,-9313169.4497,5205924.5723
28358,20250989,Piper nigrum,black pepper,Existing,Good,,No,Insufficient data to determine provenance,Existing,Unknown,,Conservatory (Theodore and Kimberly Maged Tropical House),,,,7c80c3cc-7da7-4efe-8f4f-6fe866585e7c,3/26/2025 2:33:19 PM,Metal Name Plate,Ground ,-9313168.7885,5205924.4407
28359,20250990,Elettaria cardamomum,cardamom,Existing,Good,,No,Insufficient data to determine provenance,Existing,Unknown,,Conservatory (Theodore and Kimberly Maged Tropical House),,,,9c913051-7696-4990-9966-54ca1cd86260,3/26/2025 2:34:35 PM,Metal Name Plate,Ground ,-9313166.8036,5205924.1393
28360,20250991,Rhizophora mangle,red mangrove,Existing,Good,9/29/2022 12:00:00 AM,No,Insufficient data to determine provenance,Plant,Nursery or other commercial establishment,Arizona Aquatic Nurseries,Conservatory (Theodore and Kimberly Maged Tropical House),,,,10a7a694-10ea-4dd6-8f4c-2d57d1c599db,3/26/2025 3:07:44 PM,Metal Name Plate,Ground ,-9313151.773,5205964.9491
28361,20250992,Rhizophora mangle,red mangrove,Existing,Good,9/29/2022 12:00:00 AM,No,Insufficient data to determine provenance,Plant,Nursery or other commercial establishment,Arizona Aquatic Nurseries,Conservatory (Theodore and Kimberly Maged Tropical House),,,,e7706339-8d98-4433-9ba0-cc3b9c253c50,3/26/2025 3:07:44 PM,Metal Name Plate,Ground ,-9313152.3079,5205965.7385
28362,20250993,Adiantum capillus-veneris,common maidenhair,Existing,Good,,No,Insufficient data to determine provenance,Existing,Unknown,,Conservatory (Theodore and Kimberly Maged Tropical House),,,,94562c61-616c-4dff-9b31-674d8dae3594,3/26/2025 3:07:44 PM,None,,-9313155.332,5205963.3896
28363,20250994,Oryza sativa,rice,Existing,Good,,No,Insufficient data to determine provenance,Existing,Unknown,,Conservatory (Theodore and Kimberly Maged Tropical House),,,,bc3d8435-b66b-4055-8e1e-ee4316f87ed7,3/26/2025 3:07:44 PM,Metal Name Plate,Ground ,-9313151.8197,5205965.4816
28364,20250995,Nymphaea sp.,water lily,Existing,Good,,No,Insufficient data to determine provenance,Existing,Unknown,,Conservatory (Theodore and Kimberly Maged Tropical House),,,,6c1ad31f-47a2-4228-b4a9-5097b6bce365,3/26/2025 3:07:44 PM,None,,-9313153.5171,5205963.4885
28459,20240810,Nymphaea 'Blue Beauty',Blue Beauty water lily,Existing,Good,,No,Plant of not wild source,Existing,Unknown,,Conservatory (Theodore and Kimberly Maged Tropical House),,,,ba67432d-ddcb-453f-86f0-c0e2c08cf227,8/11/2025 5:25:33 PM,,,-9313154.0927,5205963.5428
28476,20240825,Kleinia pendula,,Existing,Good,10/17/1960 12:00:00 AM,No,Plant of not wild source,Existing,University department,Indiana University,Conservatory (Arid House),,,,588ae86a-2c95-4605-b843-ffdb61ef8651,12/11/2024 12:56:34 PM,Metal Name Plate,Ground ,-9313159.6058,5205879.5522
28495,20251087,Vanilla planifolia,vanilla,Existing,Good,4/23/2025 12:00:00 AM,No,Plant of not wild source,Plant,Nursery or other commercial establishment,Logee's,Conservatory (Theodore and Kimberly Maged Tropical House),Hosted by Ilex paraguariensis,,,3016b67e-680b-4ca8-ad69-d734c883370a,4/23/2025 12:00:00 AM,Metal Name Plate,,-9313165.3098,5205946.9893
28641,20251233,Dioon spinulosum,giant dioon,Existing,Good,10/25/1985 12:00:00 AM,No,Insufficient data to determine provenance,Existing,Individual,Jerry Meislik,Conservatory (Theodore and Kimberly Maged Tropical House),,,,655638a6-f137-43c0-9a11-0ad38e1d864f,5/13/2025 12:00:00 AM,None,,-9313154.7841,5205942.9853
28642,20251234,Vriesea fenestralis,vriesea,Existing,Good,,No,Insufficient data to determine provenance,Existing,Unknown,,Conservatory (Theodore and Kimberly Maged Tropical House),,,,4ca54c4f-5b76-4444-9504-be72acc7989c,5/13/2025 1:31:36 PM,Metal Name Plate,Ground ,-9313150.2111,5205951.4657
28643,20251235,Oxalis vulcanicola 'Molten Lava',Molten Lava volcanic sorrel,Existing,Good,,No,Insufficient data to determine provenance,Existing,Unknown,,Conservatory (Temperate House),,,,11acb42c-e1cc-4c09-8520-9e07f3c42cfe,5/15/2025 12:00:00 AM,None,,-9313164.5901,5205908.6967
28705,20251297,Stapelia gigantea,Zulu giant,Existing,Good,,No,Insufficient data to determine provenance,Existing,Unknown,,Conservatory (Arid House),,,,a4bbbaad-a287-49b7-91f7-c930f3cb0eea,5/27/2025 12:00:00 AM,Metal Name Plate,Ground ,-9313165.2386,5205880.4227
28706,20251298,Manfreda sp.,manfreda,Existing,Good,,No,Insufficient data to determine provenance,Existing,Unknown,,Conservatory (Arid House),,,,ed300774-d45d-4e5f-85a7-cc16f2ed9324,5/27/2025 12:00:00 AM,,,-9313167.1153,5205879.9151
28707,20251299,Haageocereus sp.,haageocereus cactus,Existing,Poor,,No,Insufficient data to determine provenance,Existing,Unknown,,Conservatory (Arid House),,,,79da90f2-a743-49be-8dec-988bdf2510d9,5/27/2025 12:00:00 AM,,,-9313174.4467,5205890.2419
28754,20251346,Mammillaria sp.,pincushion cactus,Existing,Good,,No,Insufficient data to determine provenance,Existing,Unknown,,Conservatory (Arid House),,,,f03234fb-c3c4-457e-98cb-a7713a40c3cd,6/5/2025 12:00:00 AM,Metal Name Plate,Ground ,-9313174.3578,5205883.5316
28755,20251347,Cleistocactus strausii,silver torch cactus,Existing,Good,3/23/2004 12:00:00 AM,No,Insufficient data to determine provenance,Existing,Unknown,,Conservatory (Arid House),,,,d58fc5f5-3af3-47f5-bb7b-2aed426f6b17,6/5/2025 12:00:00 AM,None,,-9313175.6236,5205880.7692
28756,20251348,Pteris multifida,spider brake,Existing,Good,6/28/2000 12:00:00 AM,No,Insufficient data to determine provenance,Existing,Nursery or other commercial establishment,Plant Delights Nursery,Conservatory (Temperate House),,,,04e02030-0644-4aab-a254-d890a743e16e,11/25/2024 12:00:00 AM,None,,-9313168.7882,5205893.3293
28757,20251349,Hypoestes phyllostachya,polka dot plant,Existing,Good,,No,Insufficient data to determine provenance,,Unknown,,Conservatory (Theodore and Kimberly Maged Tropical House),,,,ccd07e1b-34f1-447b-868d-addf412de465,6/11/2025 12:00:00 AM,None,,-9313153.218,5205957.97
28769,20251361,Stapelia leendertziae,black bells,Existing,Good,,No,Insufficient data to determine provenance,Existing,Individual,Frank Omelion,Conservatory (Arid House),,,,12fefab1-8619-46ed-bcc3-805d8066701d,6/13/2025 12:00:00 AM,None,,-9313166.5031,5205880.8523
28810,20251402,Stapelia gigantea,Zulu giant,Existing,Good,,No,Insufficient data to determine provenance,Existing,Unknown,,Conservatory (Arid House),,,,a5740f74-696a-425a-991a-da21c0a10239,6/30/2025 11:24:53 AM,,,-9313165.9542,5205880.2344
28990,20251582,Nymphaea 'Red Flare',Red Flare water lily,Existing,Good,5/21/2025 12:00:00 AM,No,Plant of not wild source,Plant,Nursery or other commercial establishment,Tricker's,Conservatory (Theodore and Kimberly Maged Tropical House),,,,b732eb82-27af-404b-82d0-65b73e72c6a0,7/7/2025 3:24:27 PM,None,,-9313153.9845,5205967.1865
28991,20251583,Nymphaea 'Blue Beauty',Blue Beauty water lily,Existing,Good,5/21/2025 12:00:00 AM,No,Plant of not wild source,Plant,Nursery or other commercial establishment,Tricker's,Conservatory (Theodore and Kimberly Maged Tropical House),,,,effdf895-09ff-4e5a-82b9-334773b73d66,7/7/2025 3:26:41 PM,None,,-9313155.1487,5205964.7313
28992,20251584,Nymphaea sp.,water lily,Existing,Good,,No,Insufficient data to determine provenance,Plant,Nursery or other commercial establishment,,Conservatory (Theodore and Kimberly Maged Tropical House),,,,18340c67-c59d-46a1-bc38-09beb97fd551,7/7/2025 3:24:27 PM,None,,-9313153.7405,5205966.9357
28993,20251585,Nymphaea ‘Evelyn Randig’,Evelyn Randig water lily,Existing,Good,5/21/2025 12:00:00 AM,No,Insufficient data to determine provenance,Plant,Nursery or other commercial establishment,Tricker's,Conservatory (Theodore and Kimberly Maged Tropical House),,,,bc76420c-09fa-4972-a4ab-94b2f56a96db,7/22/2025 11:22:33 AM,None,,-9313153.9923,5205963.3542
28994,20251586,Nymphaea sp.,water lily,Existing,Good,,No,Plant of not wild source,Plant,Nursery or other commercial establishment,,Conservatory (Theodore and Kimberly Maged Tropical House),,,,168425c2-6ac8-4f97-a44f-bcc5509ef0e2,7/22/2025 11:25:57 AM,None,,-9313152.0636,5205964.1868
28995,20251587,Nymphaea sp.,water lily,Existing,Good,,No,Plant of not wild source,Plant,Nursery or other commercial establishment,,Conservatory (Theodore and Kimberly Maged Tropical House),,,,ba75e5f7-6ee9-4470-bfb3-f0a62bfcd52e,7/22/2025 11:25:57 AM,None,,-9313152.2477,5205963.8542
28996,20251588,Nymphaea sp.,water lily,Existing,Good,5/21/2025 12:00:00 AM,No,Plant of not wild source,Plant,Nursery or other commercial establishment,Tricker's,Conservatory (Theodore and Kimberly Maged Tropical House),,,,a927f7df-50b1-40cf-ab0d-55447e62a433,7/22/2025 11:25:57 AM,None,,-9313152.5522,5205963.5732
28997,20251589,Brighamia insignis,Ōlulu; cabbage on a stick,Existing,Good,,No,Plant of not wild source,Plant,Nursery or other commercial establishment,Logee's,Conservatory (Theodore and Kimberly Maged Tropical House),,,,abd5bddd-5873-42f5-aab7-2869038501fa,7/21/2025 8:00:00 PM,None,,-9313196.5773,5205907.3471
29045,20251637,Theobroma cacao,cacao,Existing,Good,6/23/2015 12:00:00 AM,No,Plant of not wild source,Plant,Nursery or other commercial establishment,Top Tropicals,Conservatory (Theodore and Kimberly Maged Tropical House),,,,0a991b09-073d-4182-bed2-5406f7719218,8/6/2025 12:00:00 AM,None,,-9313145.6194,5205962.8845
29136,20251728,Nymphaea sp.,water lily,Existing,Good,,No,Insufficient data to determine provenance,Existing,Unknown,,Conservatory (Theodore and Kimberly Maged Tropical House),,,,baed3c0a-6666-44bd-a1d4-ce3ec0cd9219,8/18/2025 5:26:46 PM,None,,-9313154.1969,5205966.868
29139,20251731,Agave pedunculifera,,Existing,Good,,No,Insufficient data to determine provenance,Existing,Unknown,,Conservatory (Arid House),,,,1a2a956f-aa07-49f8-88c4-782e3e9d61d8,8/11/2025 5:19:01 PM,,,-9313173.7699,5205888.4545
29140,20251732,Agave tequilana,tequila agave,Existing,Good,,No,Insufficient data to determine provenance,Existing,Botanic Garden or Arboretum,Desert Botanic Garden,Conservatory (Arid House),,,,a3ca5b1e-8bd0-48a4-8124-7c9d3a513de6,8/11/2025 5:20:36 PM,,,-9313169.4703,5205889.4607
29336,20251926,Camellia sinensis,tea plant,Existing,Good,9/30/2025 12:00:00 PM,No,Plant of not wild source,Plant,Nursery or other commercial establishment,Logee's,Conservatory (Temperate House),,,,0cd9fed0-08b4-4f50-a10e-dacfb7745915,9/30/2025 5:47:14 PM,None,,-9313156.9583,5205906.205
29420,20252008,Veltheimia bracteata,forest lily,Existing,Good,11/27/1979 12:00:00 AM,No,Insufficient data to determine provenance,Existing,Individual,Howard Glasser,Conservatory (Arid House),,,,e159722b-b349-44ba-8909-c3cd1a544816,12/1/2025 12:00:00 AM,None,,-9313167.2362,5205882.8438
29475,20260003,Pelargonium 'Mabel Grey',Mabel Grey geranium,Existing,Good,,No,Plant of not wild source,Existing,Unknown,,Conservatory (Temperate House),,,,46c92eff-416a-414b-b7f6-926c70d2a3f2,2/18/2026 12:00:00 AM,None,,-9313159.7762,5205911.4877
29516,20260042,Delosperma lehmannii,ice plant,Existing,Good,,No,Plant of not wild source,Existing,Unknown,Unknown,Conservatory (Arid House),,,,720cab4d-b976-418d-b1f3-23a73f297001,,None,,-9313160.0742,5205883.2897
29517,20260043,Pelargonium ‘Mabel Grey’,Mabel Grey geranium,Existing,Good,,No,Insufficient data to determine provenance,Existing,Unknown,Unknown,Conservatory (Temperate House),Upper level,,,ebfc6e38-f4fe-4307-a4a6-62859213ddb3,3/16/2026 4:54:03 PM,None,Ground,-9313169.9566,5205923.356
29636,20260130,Agave americana,century plant,Existing,Good,,No,Insufficient data to determine provenance,Existing,Botanic Garden or Arboretum,Matthaei Botanical Gardens and Nichols Arboretum,Conservatory (Arid House),,,,e1effc8f-86ec-4768-a469-779d9dd748dc,4/21/2026 12:46:07 PM,None,,-9313168.4534,5205887.5663
29637,20260131,Jasminum sambac,Arabian jasmine,Existing,Good,8/7/1972 12:00:00 AM,No,Insufficient data to determine provenance,Plant,Botanic Garden or Arboretum,Missouri Botanical Garden,Conservatory (Tropical House),,,,3f4e56e0-3390-4059-8613-0210e2d736d1,4/27/2026 8:00:00 PM,None,,-9313164.217,5205954.7438
29789,20260282,Drimiopsis maculata,African false hosta,Existing,Good,,No,Plant of not wild source,Plant,Individual,Frank Omelion,Conservatory (Arid House),,,,7e97e165-e195-4a27-b9b7-2256fafb2f49,6/17/2026 12:00:00 AM,None,,-9313171.805,5205884.743
29802,20260294,Fouquieria splendens,ocotello,Existing,Good,,No,Insufficient data to determine provenance,Plant,University department,University of Michigan,Conservatory (Arid House),,,,2404202a-7c1c-4cdf-ab6b-8d56e81633f6,6/23/2026 8:00:00 PM,Metal Name Plate,Ground,-9313174.9726,5205883.3409
29851,20260343,Croton urucurana,croton,Existing,Good,,No,Plant of wild source,Plant,University department,Ecology and Evolutionary Biology,Conservatory (Temperate House),,Paul Berry,"collected in Iguacu Falls area, Argentina",ec69474c-c2ac-4d13-93b1-768b83425342,6/24/2026 8:00:00 PM,None,,-9313167.0814,5205919.4785
29871,20260363,Welwitschia mirabilis,welwitschia,Existing,Good,,No,Propagule from wild source plant in cultivation,Plant,University department,Michigan State University- Plant Biology,Conservatory (Arid House),,,,2eeb273a-169e-4044-96d7-60b2632a4e0b,7/5/2026 8:00:00 PM,Metal Name Plate,Ground,-9313170.8907,5205884.6266
29875,20260367,Dioon sp.,dioon,Existing,Good,,No,Insufficient data to determine provenance,Plant,Unknown,,Conservatory (Theodore and Kimberly Maged Tropical House),,,,345d8904-59d5-45cc-955e-29124f7e6f1a,7/8/2026 12:00:00 AM,None,,-9313158.9584,5205944.936
